x,y,mean24,var24,autocov24,dryperiod24,mean3,var3,autocov3,dryperiod3,mean6,var6,autocov6,dryperiod6,mean12,var12,autocov12,dryperiod12,mean18,var18,autocov18,dryperiod18
-80.53361,-3.633611,3.1593362831858407,77.80182478071895,21.76663547181735,0.5907079646017699,0.19020746887966802,5.719452660173172,0.3455915167895107,0.9712309820193638,0.358125,11.515361691447927,0.528551267677717,0.9536458333333333,0.71625,24.54377138638321,2.4702366751815132,0.9145833333333333,1.0677570093457944,43.98379109286381,0.025104182099838442,0.8878504672897196
-80.4575,-3.813333,5.04015625,154.17638552246092,23.295428877656455,0.48333333333333334,0.41630307371711384,10.833260361840395,1.3314119421454147,0.9351393592081271,0.8323893229166667,25.56875075666475,2.0251904926646516,0.8942708333333333,1.6647786458333333,55.535568607403484,6.336753636830455,0.825,2.4832333689268746,83.86602613818334,17.344000609681167,0.7632398753894081
-80.45722,-3.508333,3.1022964509394573,105.14005735679326,9.841638557812695,0.6847599164926931,0.22518924562777343,10.282382212609496,0.29450979532474636,0.9718089271730619,0.4493229166666667,20.819416410218107,0.5523985255021374,0.9515625,0.8986458333333334,41.69460072276861,1.4695616736020087,0.9177083333333333,1.3434518355731238,64.95410900994123,7.250878855295334,0.8847352024922118
-80.32194,-3.440556,4.240023145833334,126.95698136328113,28.05021000436457,0.6291666666666667,0.22198489189893203,6.390957956048477,0.5441820448536177,0.9744725188851263,0.4438541666666667,13.815464119516522,0.6895817107815437,0.9578125,0.8877083333333332,29.038533037094773,1.8591421615611712,0.9260416666666667,1.3274143302180685,48.2699252356323,1.7105753870575233,0.9049844236760125
-80.66083,-3.948889,3.8851789473684213,84.83347002060941,10.87022327363885,0.6484210526315789,0.29797841537246644,6.404752228151232,0.2494103481247548,0.9631481968939195,0.58959375,13.652542702118133,0.7529058683397274,0.9354166666666667,1.1791875,29.74738999114937,2.5342826625278656,0.8875,1.7218380062305296,46.41695735699789,5.882301961277303,0.8489096573208723
-80.43361,-3.966944,8.482300884955752,325.1118548829196,68.80472508686226,0.4225663716814159,0.7,25.121902434163726,2.9449035682933795,0.9261410788381743,1.31796875,56.29036509583727,5.86161972245135,0.8885416666666667,2.6359375,113.38876373516153,24.89655793261993,0.8177083333333334,3.941157440664663,200.98009254970196,46.48710600997375,0.7523364485981309
-73.07972,-3.485,8.635208333333333,254.3776978732639,18.254173255824487,0.48125,0.9868229166666667,24.671181315492085,2.1604697747618724,0.865625,1.973645833333333,51.91792307071038,8.500841423642854,0.7895833333333333,3.9472916666666666,116.4356909321975,14.946445981981698,0.66875,5.8991148983286115,193.94848886742926,9.4525107145553,0.5903426791277259
-73.28361,-3.766944,8.471041666666666,248.50226558159727,20.75724968458243,0.5416666666666666,0.8294791666666667,20.538057472095844,1.5334957249065764,0.8888020833333333,1.6589583333333333,43.74450540202142,2.486352881897388,0.8244791666666667,3.3179166666666666,93.08752361779611,7.120294317714521,0.7354166666666667,4.938678732038565,144.3834878838029,15.650902211514312,0.6557632398753894
-73.33806,-3.899722,8.456261061946904,239.63195925043075,8.860576630993037,0.4778761061946903,0.8209955752212389,17.462005482627525,1.6149279668229863,0.8744469026548672,1.5462083333333334,34.10633697694618,3.629785805385698,0.8119791666666667,3.092416666666667,77.28173941091748,7.200818299155826,0.7145833333333333,4.594703060685062,118.35137182259666,15.785038011086549,0.6246105919003115
-79.98361,-5.183611,5.996250000000001,249.66411093749997,85.51625858233282,0.5270833333333333,0.6510289137796301,19.18762496160517,3.1018956724137983,0.9236780411565512,1.30171875,43.86535752342376,8.771756522246505,0.8802083333333334,2.6034375,98.54827527766183,29.57273499860548,0.8020833333333334,3.88445606764991,164.79470106159673,56.133705845051566,0.7585669781931464
-79.77944,-4.7625,3.045645833333333,34.84397916623264,8.550237042448662,0.5104166666666666,0.29630372492836676,3.14079946180943,0.15727423357497236,0.9156030216202136,0.5924531250000001,6.561439501348655,0.5574308323802585,0.8661458333333333,1.1849062499999998,13.5629745659967,2.5075726943233105,0.7802083333333333,1.7338829551019501,22.402675624937693,3.686865810381852,0.7227414330218068
-79.32194,-5.931944,2.0969026548672565,32.97158332680711,5.080573532090517,0.6880530973451328,0.15524204702627942,1.4490860191434152,0.24457747479643765,0.9438450899031812,0.29229166666666667,3.6111386169766653,0.2201989402900159,0.915625,0.5845833333333333,7.858256377742241,0.5909043875417795,0.8645833333333334,0.8633103470810367,11.426623066734031,1.3567338407314757,0.8271028037383178
-79.51978,-5.56475,9.033192389006343,154.6756635930076,61.73166449671898,0.17758985200845667,0.7106264869151467,13.588699564099242,1.3817903031808962,0.9103885804916733,1.40015625,29.845335385304967,2.367461298644359,0.8588541666666667,2.8003125,61.24990871432056,11.880182699834911,0.7625,4.117306916950357,102.20471341008601,31.06746192321791,0.7024922118380063
-78.54222,-5.660556,1.9801670146137786,21.1034688656343,1.1942618058308332,0.534446764091858,0.13315061341686243,1.3525618764437446,0.07265349956520047,0.943878882798225,0.26567708333333334,2.78870945545845,0.16937412409636804,0.9130208333333333,0.5313541666666667,5.705773664082276,0.3047075711936232,0.8489583333333334,0.7887850467289719,9.283669564783196,0.11883571174198741,0.8052959501557633
-80.16944,-5.101667,4.202458333333334,161.21859770659722,52.810364599421966,0.56875,0.41962750716332387,12.375956910143968,1.4207038468448643,0.9322740296952331,0.8390364583333334,27.217242419406947,2.681223184916787,0.8932291666666666,1.6780729166666668,61.08429617444619,12.209596655873222,0.8260416666666667,2.502350708614121,98.19376275111827,28.865814548117804,0.7725856697819314
-78.4848,-7.166611,3.3867708333333337,26.690767697482638,7.529728899159664,0.35833333333333334,0.3450247460276114,2.7029932260181573,0.20153366499446232,0.8796561604584527,0.6898697916666666,5.6228414088268845,0.40672693629237405,0.8036458333333333,1.3797395833333335,11.593526361538483,1.2265524388605107,0.6677083333333333,2.0522566776898894,18.90769819895203,3.302334757197367,0.5809968847352025
-76.32194,-6.593056,3.7830309734513277,78.66967289284597,7.9285355510250985,0.5530973451327433,0.38329275041505256,6.077040898416526,0.821088574980994,0.9045379081350304,0.7214687500000001,12.90457699651199,1.7634071639307776,0.8609375,1.4429374999999998,29.209083818555335,2.638193860623522,0.7822916666666667,2.1575077881619937,44.41492182668284,6.030027428911287,0.7040498442367601
-78.84722,-7.084722,5.698263895833334,82.6137357377942,35.17295701316265,0.41041666666666665,0.5917600078145351,8.238771503308984,0.5716667745510352,0.8918989320135452,1.1832118072916666,17.758851496493662,1.5136022060684342,0.828125,2.3664236145833333,36.07980253815611,5.725365623852619,0.69375,3.5053097710134358,60.67577155488973,13.324552833403612,0.6199376947040498
-78.33889,-7.203333,4.988125,45.621213151041665,18.889376793286775,0.35208333333333336,0.4793175306069289,4.4636206754588175,0.5765277232733865,0.8710601719197708,0.9583854166666667,9.523840443150224,1.0776151978911364,0.7921875,1.9167708333333333,19.022855889188403,3.3852754224521555,0.6489583333333333,2.83191613675412,35.19247518523949,6.222819347296175,0.5638629283489096
-78.23722,-7.220278,4.8369469026548675,58.87516147505679,15.963108593424286,0.5309734513274337,0.41679114799446754,4.21722742850851,0.5765586349260293,0.8995850622406639,0.7847395833333333,8.744213896867771,1.1130918131922045,0.8578125,1.5694791666666665,18.22250875632817,3.8897459692718686,0.7697916666666667,2.3434042323818702,32.07947157092542,7.404104743776579,0.7118380062305296
-79.21639,-6.825556,2.796875,70.95596940104166,18.9481478136417,0.63125,0.3088564730398541,5.041840405267508,0.7505498737802021,0.9257619171659286,0.6175520833333332,11.831007160401501,2.7895221076470587,0.878125,1.2351041666666667,28.89971336080709,5.943603908501542,0.790625,1.8409824210219297,41.162912163245295,15.832480604073092,0.7398753894080997
-78.83028,-7.355833,5.008958333333334,74.44656558159723,31.028391620908025,0.3854166666666667,0.48713206564209427,5.82664182928939,0.6573532628816121,0.8926803855170617,0.9740104166666667,12.431853879004974,1.727381882201503,0.8286458333333333,1.9480208333333333,26.090155297660008,6.356109675707094,0.703125,2.89673407118371,50.486813851853505,13.27954596969966,0.6495327102803738
-78.62667,-7.033889,7.723382045929019,102.06179148452107,30.013841677313636,0.2964509394572025,0.8259462281388671,11.604121596896087,1.3244372456509197,0.862438005742626,1.6480208333333333,25.62769133504129,1.3192303026304522,0.7802083333333333,3.2960416666666665,49.62587801178338,5.083905607344297,0.6177083333333333,4.915342679127726,82.19041549014419,11.184772983328353,0.5280373831775701
-78.61694,-6.766944,3.9400442477876103,38.62262212193594,11.255963224295614,0.36504424778761063,0.40785615491009686,3.9374365954860973,0.6397819122994574,0.8813278008298755,0.7679166666666667,8.79857954831276,0.8112003540773788,0.8307291666666666,1.5358333333333334,17.783962851327452,1.7124340663433841,0.7114583333333333,2.283813252497285,29.710852678482855,5.116363375667875,0.6386292834890965
-78.11833,-6.864167,4.2975,60.74074375,18.174077231210884,0.46875,0.384110445428497,3.5519565049181185,0.4567048281998215,0.8968481375358166,0.7680208333333333,8.192235224719376,0.6444727027918753,0.8427083333333333,1.5360416666666665,16.992902968245964,3.293685994474512,0.7364583333333333,2.2890965732087225,26.906989010937025,8.396961629062831,0.661993769470405
-78.05056,-7.626944,4.8358333333333325,47.123007638888886,14.32221235067269,0.3625,0.5143526960145872,4.5871804344749,0.536948038020374,0.8648085438916384,1.0284375000000001,9.968968917366485,0.8821914762082879,0.7890625,2.0568750000000002,20.617140707602193,2.8895775849361804,0.6520833333333333,3.0513092578188368,33.55115898844736,8.233395937229972,0.5685358255451713
-78.05083,-7.830278,5.126458333333333,48.9027791232639,11.777331088983832,0.2791666666666667,0.5588434488147955,5.531468693886561,0.4093257556634847,0.8491794738213077,1.1173958333333331,12.010709733260274,0.4808729692992546,0.7630208333333334,2.2347916666666663,22.952095334944328,1.9556730154118744,0.5895833333333333,3.3340997683620563,36.41807873213632,7.05948784797728,0.5015576323987538
-77.16694,-6.046667,5.988958333333333,102.79394058159723,9.231499701979647,0.44166666666666665,0.5570721542068248,8.946465232925137,0.7912651705706643,0.8947642615264392,1.1138541666666666,19.763538603619303,1.5136954067333175,0.8369791666666667,2.227708333333333,42.60314402810745,2.190223573400777,0.7416666666666667,3.3311526479750784,65.42569015935462,6.600660318100346,0.6479750778816199
-78.83028,-6.999722,5.6431944375,62.07123957783759,22.838087237267697,0.30833333333333335,0.5470938603803074,5.827214013567281,0.8503218681805849,0.87574889294087,1.0939027760416669,12.949403434370057,1.9073365262200142,0.8067708333333333,2.1878055520833333,27.4089697905605,4.701397430587018,0.6614583333333334,3.267172696498467,45.53887945347819,10.153973989525461,0.5903426791277259
-78.38944,-7.237222,3.449583333333334,37.38020815972222,8.70075147841279,0.3958333333333333,0.35274811148736646,3.5128660602298725,0.3196845551987025,0.8812190674654858,0.7053124999999999,7.214192297720759,0.7171790202885466,0.8083333333333333,1.4106249999999998,15.135149682434443,2.2878431126266987,0.671875,2.0950431670646315,24.502873621170075,5.475001604476424,0.5965732087227414
-78.66056,-7.254167,2.9127659574468083,29.27288667572054,7.427679859858084,0.5910165484633569,0.300531914893617,2.2749991231791413,0.37429049520571234,0.91725768321513,0.5296875,4.790197277058926,0.6107822007039223,0.8859375,1.059375,9.928172365400588,1.9993978915740895,0.8,1.5837234658013057,17.534927107313905,3.5542008630599122,0.7507788161993769
-79.15322,-7.225028,0.6242083333333334,6.968072706597225,1.6568790461863632,0.9041666666666667,0.06301380567856213,0.6138805514805329,0.019367416215104537,0.9775983328991925,0.12599479166666666,1.2929617244260785,0.3198426186500347,0.9661458333333334,0.2519895833333333,2.7466912543996123,0.6613117611956275,0.9395833333333333,0.3768068535825545,4.128935184918806,1.180568258225953,0.9205607476635514
-77.52486,-9.516528,4.365044247787611,35.10753915733417,8.873129759330851,0.3030973451327434,0.48130013831258645,3.5822354386168667,0.5870704048597178,0.8506224066390041,0.9061979166666666,7.722122049761739,0.644470548725822,0.7734375,1.8123958333333332,14.912441667657541,2.1309686214279093,0.6052083333333333,2.692563565068695,26.64772889272924,4.087588879832888,0.5109034267912772
-77.45403,-9.729472,4.400625000000001,29.805728776041672,7.9176942841531925,0.3375,0.5206824693930712,3.4425827853839355,0.300541431483109,0.8197447251888512,1.0410937500000002,7.453601467956719,0.2507343214398229,0.7067708333333333,2.0821875000000003,14.631666286712202,0.8108473049603804,0.5270833333333333,3.0862661800373568,23.880067186444467,2.088303196235456,0.4236760124610592
-77.46694,-8.783611,5.072877358490566,38.90178794722321,9.889958060627263,0.37735849056603776,0.46319669713948697,3.4194716167393047,0.5483834547692679,0.8661161899144795,0.8180729166666666,6.895411916211884,0.871218127973694,0.8166666666666667,1.6361458333333332,13.945262044502359,2.4454443573229137,0.703125,2.438317757009346,25.05698857064307,3.267517237865555,0.6308411214953271
-77.17553,-9.586333,3.465135699373695,21.30423333231637,4.033469255886044,0.3695198329853862,0.3590446358653093,2.202979571912544,0.20129624431263632,0.868963717045158,0.71640625,4.5531416090626555,0.41877013634269156,0.7864583333333334,1.4328125,8.895591985554852,1.2178431438355732,0.63125,2.129750778816199,14.85343877941465,2.3010711190858597,0.5389408099688473
-75.84694,-9.1525,15.15862831858407,306.13609811849017,18.203643900229356,0.19469026548672566,1.6128666297731045,32.397647404195766,3.328246930265843,0.7446043165467626,3.0358854166666664,68.2544135993733,4.458508032377406,0.6541666666666667,6.071770833333333,139.85703366884712,9.63228729484726,0.503125,8.933403287987064,219.5073774763909,19.64425757579406,0.40498442367601245
-76.08472,-9.677778,9.430083333333332,96.13727915972223,16.758055184397477,0.15,0.983019801980198,10.606226577319186,1.021080355632288,0.7860865033871808,1.965015625,24.02671933301639,0.6309304142705824,0.6796875,3.93003125,45.90983307363732,3.0368112399546625,0.49583333333333335,5.829922118186881,67.80672603799275,10.444177254785746,0.37227414330218067
-75.13361,-8.333611,9.713229166666668,332.0994093641493,47.01345177233303,0.43125,0.9648097967691506,24.82597000633121,3.160938042446528,0.8569567483064096,1.9286145833333335,58.42394397243224,4.2600223466042895,0.7927083333333333,3.857229166666666,125.31378552961765,8.035410696301877,0.6854166666666667,5.755435373670681,192.27528215793868,17.87763085002101,0.5934579439252337
-75.08472,-8.474167,9.292291666666667,350.43758641493054,47.27554950191014,0.4875,0.8304846274101094,20.664149596022458,3.0600421640836433,0.8757165190203231,1.6601041666666667,47.81559834386967,4.976241282452225,0.8192708333333333,3.3202083333333334,109.16808447888803,9.118882946562891,0.725,4.962837487021452,163.80009835021164,27.739972081104437,0.6433021806853583
-75.90028,-9.100278,12.52942477876106,333.3184925894745,35.930392336844555,0.1747787610619469,1.3102933038184836,24.252051167032942,3.7663514618456375,0.7531820697288323,2.4663541666666666,54.688193008247595,7.298027968929036,0.6609375,4.932708333333333,120.59363638940762,20.56216355138331,0.5,7.239602225377908,187.3774459412754,36.66337058350873,0.40654205607476634
-74.8325,-10.954722,8.8446875,185.17508740234373,17.283610686121822,0.3416666666666667,0.9817717561229807,12.557729760807549,4.0853309832936056,0.7967691505992704,1.9625208333333333,35.80506751122536,5.232961224393854,0.7145833333333333,3.9250416666666665,73.23843756191674,13.143312156621594,0.5604166666666667,5.868707873127935,120.00411932342988,17.871972915145598,0.46417445482866043
-75.22111,-12.004444,4.497986104166667,30.45941467940878,3.5347298525110395,0.23333333333333334,0.40652079447772854,3.320582665090255,0.2709131044869013,0.8692367804115655,0.812829859375,7.226444172918931,0.20670117421000114,0.7901041666666667,1.6256597187500001,13.591617903392068,0.4580273360061115,0.6375,2.427066840185221,22.33771418986886,0.45576024369528184,0.5529595015576324
-74.96583,-9.372778,11.918041666666666,335.37032574826384,36.90481872024692,0.32708333333333334,1.2523293381969778,22.45122998062877,4.49604965831406,0.8027618551328817,2.503354166666667,55.43882855024058,7.992727242933353,0.7109375,5.006708333333334,124.41542628795956,15.553843521727268,0.5802083333333333,7.48075291376767,205.51153070821928,23.90092824515057,0.4657320872274143
-75.4794,-11.7831,4.015240083507307,24.62646920123256,1.2139119973942871,0.20041753653444677,0.4014095536413469,2.947717168715676,0.05903066356141839,0.8619159488384234,0.8009375,6.172813043800646,-0.08098153332944572,0.7692708333333333,1.601875,11.612394916645135,0.3822041113536396,0.584375,2.372231548335674,18.034229029381873,0.2810282576634909,0.48286604361370716
-74.86611,-12.393056,3.5910855949895617,25.242330345491865,1.4689691784465968,0.44676409185803756,0.2980187940485513,2.1193796510542793,0.14759711555813082,0.8981989036805011,0.594640625,4.531466783553139,0.3454892630425901,0.8401041666666667,1.18928125,9.073269642232216,1.0283068754911913,0.7333333333333333,1.7694859813084112,15.072767264557552,1.3749415415927495,0.6557632398753894
-76.98975,-10.477858,4.768893528183717,29.683186875928882,11.916347806682186,0.27139874739039666,0.5686945169712794,3.6984532951031603,0.33323770876187997,0.806266318537859,1.1344270833333334,7.742040517903269,0.8133786592850676,0.6739583333333333,2.268854166666667,15.463718835993411,1.8534958041987906,0.48125,3.3677561449772586,25.906310889012715,3.996159267990441,0.3660436137071651
-76.76694,-10.666944,3.551041666666667,20.161790581597227,4.6280793296762575,0.30833333333333335,0.3828080229226361,2.438873502745936,0.22590001944543325,0.862724667882261,0.7654166666666666,5.25263728099899,0.4486636827559415,0.771875,1.5308333333333333,10.062800597100837,0.9861453862392218,0.603125,2.2817096216708372,17.55150954045787,1.0662334024625675,0.5233644859813084
-76.73361,-10.916944,3.456458333333333,18.264333289930555,5.363771398656788,0.3458333333333333,0.3595207085178432,2.344913929976685,0.19732476865653387,0.8773117999479031,0.7188541666666666,4.946225015064614,0.18101814348972153,0.8005208333333333,1.4377083333333331,9.341244673599563,0.09178774470648789,0.6395833333333333,2.142653136671698,14.709184781689574,2.2757153357924307,0.543613707165109
-76.61694,-11.466944,3.097336477541371,17.728244936118323,5.825688643142537,0.3664302600472813,0.31146122672184456,2.1895395897158396,0.25038361890111227,0.9012710611882944,0.5487881927083333,4.3944824676114935,0.18382041262557175,0.8588541666666667,1.0975763854166667,8.210040406322593,0.2861192897681795,0.7302083333333333,1.6349250800795097,13.7242755113739,2.125948954596244,0.6666666666666666
-76.37828,-11.839389,2.6708333333333334,15.325399305555555,4.99528788999072,0.4625,0.2887470695493618,1.8850011033321497,0.15439764438363582,0.9041417035686377,0.57734375,3.9544741851504637,0.112787095642398,0.8442708333333333,1.1546875,7.461433973196741,0.31249050995313,0.7083333333333334,1.7208755533141917,12.143959050370652,1.7924033918406737,0.6230529595015576
-76.16944,-10.321667,3.4687891440501044,23.559799368900936,2.632198945229793,0.3277661795407098,0.32836553524804174,2.0752246188415966,0.22061505333118142,0.8629242819843342,0.6550208333333334,4.741747081194973,0.26855502861128117,0.7848958333333333,1.3100416666666665,9.772203301138717,0.6106364386089234,0.6541666666666667,1.957464319411926,14.95133004930533,1.1557844127097776,0.5545171339563862
-75.69028,-11.396944,2.401769911504425,15.069642885112383,1.9165987019213528,0.38716814159292035,0.2004149377593361,1.2560349933378312,0.04593495145837665,0.9106500691562932,0.37734375,2.4438492561474714,0.06931077568028118,0.8609375,0.7546874999999998,4.877143429911494,0.2989663800791536,0.753125,1.11410365325138,7.871589116188935,0.45271063281530566,0.6931464174454829
-75.62694,-11.253889,3.430416666666667,22.789408159722225,2.6867244951142393,0.29791666666666666,0.2641312841885908,1.9092284425196273,0.11998793629260608,0.8960666840323,0.528125,4.098825224136528,0.06977967989340193,0.8291666666666667,1.05625,8.210893189452033,0.29111098074600905,0.7072916666666667,1.557190688775566,13.048805582453415,0.10273477327967762,0.6339563862928349
-75.1292,-11.7486,5.108791666666667,22.95010437326389,3.3227400856783507,0.11666666666666667,0.4773006774361647,3.0742218379304176,0.15525756603232008,0.8428869202709744,0.9541041666666668,6.642065429392212,-0.007060851308630188,0.7473958333333334,1.9082083333333335,12.633250159914045,-0.1251751844054154,0.5833333333333334,2.843941808396602,20.082254112631272,0.7582083380366575,0.46261682242990654
-74.62694,-11.22,9.500916666666667,204.08879165972223,11.14865418404949,0.31875,1.0030849400729547,18.227054031489985,1.9184105385129624,0.824127149557061,2.005125,40.4237494761955,3.19938877652207,0.7432291666666667,4.01025,86.759027042138,4.469842792720874,0.6010416666666667,5.994574364220111,132.2954457462577,7.2835014933450015,0.48909657320872274
-76.25417,-10.694444,4.769375,28.95008294270833,5.76781550022834,0.2,0.46023970818134446,3.2319262742493806,0.30814066333700124,0.8540906722251173,0.92,7.224594069267737,0.2885823271039978,0.7682291666666666,1.84,13.830518865284164,0.2851608865453292,0.59375,2.735200742034727,22.568151427459473,1.5921735823457945,0.5
-72.69194,-12.856111,7.380962343096234,102.41271288142714,12.811951820378953,0.2803347280334728,0.7734309623430962,9.962227234618881,0.9985941529933439,0.8057008368200836,1.5404166666666665,22.288026382717995,1.2454878983652409,0.7088541666666667,3.0808333333333335,46.487792548788015,4.087593116685324,0.5552083333333333,4.595172238784102,78.13046608371124,6.844874364444877,0.4470404984423676
-71.87528,-13.556944,4.67179203539823,37.88188948772417,3.2509444638681577,0.28761061946902655,0.49276272123893805,4.096269248611662,0.3069697896860462,0.8335176991150443,0.9280364583333334,8.56628943048258,0.4162236873611398,0.7609375,1.8560729166666665,17.37361191182423,1.546790529603442,0.603125,2.725583928759257,28.605447269886007,1.212439151095472,0.5093457943925234
-76.23361,-12.133611,5.094799054373523,38.79325900217405,16.368165599800147,0.28368794326241137,0.5420336979012711,4.557900153486902,0.37393523547587076,0.8675731599172333,0.9550520833333332,8.583524540692448,0.4141258833552112,0.8052083333333333,1.9101041666666665,16.47261917017492,1.5549769592517202,0.6489583333333333,2.8471583650251877,26.32186096827574,6.635532513482977,0.5529595015576324
-75.33889,-12.033611,4.165,35.381066666666676,2.635984916492692,0.225,0.377181557697317,3.6874388541722154,0.13788603966008442,0.8723625944256317,0.7541666666666667,7.621998286796522,0.006422224957697559,0.7885416666666667,1.5083333333333333,14.427622075189923,0.37673208975499234,0.6166666666666667,2.209371754937985,21.870616813679444,0.44270642448227493,0.5249221183800623
-75.91061,-12.492056,3.2522458628841604,20.52537911685641,12.529040790597715,0.4302600472813239,0.3531776529707361,2.357103103513797,0.34134010507155216,0.891220809932013,0.6222916666666667,4.610254629980798,0.32395491582004243,0.8463541666666666,1.2445833333333334,8.701843263671618,1.0644760398900757,0.7145833333333333,1.8587522624970731,14.437493928270435,3.755031369359033,0.6339563862928349
-72.28361,-12.683611,8.033867924528304,105.68036617123532,5.599807601011428,0.14386792452830188,0.788066037735849,9.536303236229609,0.6447206841770233,0.7924528301886793,1.39225,18.268204569601963,0.6734051968554953,0.7270833333333333,2.7845,37.547388772429805,2.5668694594107757,0.5666666666666667,4.161375822021084,57.95956943294299,6.059433559861382,0.4657320872274143
-74.53594,-12.555667,8.257395833333334,59.07989425998264,17.645861274551123,0.18333333333333332,0.78630893461839,8.077659496079914,0.3128806085804876,0.8387600937744204,1.5722083333333334,16.895662660395036,0.6842913219913415,0.7458333333333333,3.144416666666667,33.07371687172177,0.6516084596581807,0.5854166666666667,4.666264502108033,53.658074404173945,6.846068180927692,0.4766355140186916
-74.21694,-13.076667,4.317041666666667,39.92086333159723,2.1173311856261603,0.3145833333333333,0.4300156290700703,3.726346730222873,0.3655896702938297,0.8697577494139098,0.8598072916666666,8.210920572544158,0.7428392805459034,0.7875,1.7196145833333332,16.892751877223258,1.0967738271831127,0.6395833333333333,2.5407015657598304,26.826247346971304,1.66006897208931,0.5404984423676013
-74.0705,-13.7504,6.123125000000001,50.033777734375,11.007684034936043,0.27708333333333335,0.633342016150039,6.026282627569288,0.6603617042910103,0.8533472258400625,1.2663541666666667,12.90908442711191,1.0668940950667642,0.7697916666666667,2.5327083333333333,25.824919935212712,0.3709802383189958,0.6052083333333333,3.731920877793528,38.683547910860256,7.617209498749474,0.48130841121495327
-73.37083,-13.656944,4.844791666666667,30.188639539930552,5.959445402658175,0.2604166666666667,0.47700520833333326,3.513720843896465,0.2820235265124498,0.8578125,0.9540104166666669,7.928867071359586,0.3345379167952523,0.7755208333333333,1.9080208333333333,15.857380367377223,-0.42178661890237973,0.634375,2.820609224991102,23.278932163637588,3.099135549865829,0.5186915887850467
-72.735,-13.5525,5.333191489361702,42.15447279311906,1.7240890178867025,0.23829787234042554,0.5786702127659575,4.8791995734384335,0.2388803658918188,0.8170212765957446,1.1332291666666667,10.033571230243,0.4085807141554328,0.7182291666666667,2.2664583333333335,20.088603126028737,1.6145309977959312,0.5458333333333333,3.3621249718422814,33.40380879361922,3.835824752047171,0.440809968847352
-72.54583,-13.166944,11.347291666666669,110.81965933159722,7.619819878562828,0.04583333333333333,1.2221354166666667,16.521649455837522,0.306586050412089,0.7588541666666667,2.4442708333333334,34.17479066542364,-0.6881063768730573,0.6265625,4.888541666666667,63.449358761068815,2.4652594701520334,0.4083333333333333,7.262164260763618,99.91869567898544,8.157660168784444,0.2803738317757009
-72.12524,-13.303589,3.6308124999999998,24.14543579817708,3.5149345693420555,0.24375,0.36300000000000004,2.4730912381002925,0.16298492196268408,0.8518229166666667,0.7260000000000001,5.3920632192235285,0.10902496654088488,0.7635416666666667,1.4520000000000002,10.685366773520283,1.0505716171741102,0.596875,2.1319641386522403,16.13786262031518,2.8614241547827626,0.49221183800623053
-72.21583,-13.468333,6.4141666666666675,58.28938263888889,15.342009671479966,0.23125,0.6527083333333333,6.464519776686853,0.6113324855829324,0.8385416666666666,1.3054166666666667,14.394214240239315,0.5319612169096948,0.7442708333333333,2.6108333333333333,28.84942146194834,1.651047698165788,0.5791666666666667,3.8613320442057746,45.197647642688274,6.12806933674831,0.4719626168224299
-71.84472,-13.7675,5.735248226950355,54.69978853176401,8.949572671781,0.3073286052009456,0.6105230496453902,6.3773045394344585,0.3521190907921385,0.8395390070921985,1.076046875,12.272245637344962,0.4328844199678891,0.7723958333333333,2.15209375,23.869491734132733,2.5552137409267996,0.6177083333333333,3.1609090988078448,38.78248268212189,5.263567309105397,0.5264797507788161
-71.68361,-13.916944,5.765518867924528,42.72193557983268,4.884120516558769,0.25707547169811323,0.6178419811320754,5.784793085711149,0.31402393403332485,0.8295990566037735,1.0915208333333335,11.211738482647895,0.12160267841426584,0.7640625,2.183041666666667,21.593462305387753,1.073808046374211,0.6010416666666667,3.25711228754223,33.21223792680381,4.212242761100641,0.5171339563862928
-71.59056,-13.324444,4.5671875,33.090241048177084,0.8497751204902806,0.30833333333333335,0.4409765625,3.495546560385281,0.17801735702856028,0.8486979166666667,0.881953125,7.473570470179686,0.061928151874485186,0.7677083333333333,1.76390625,14.791128206721613,1.0910308495611378,0.621875,2.5937828623786325,23.17845140741772,1.879797948957604,0.5311526479750779
-71.56028,-13.61,4.835416666666666,37.47403732638889,1.5012134564921142,0.35625,0.4899479166666667,4.103466809619792,0.2669241264529196,0.8572916666666667,0.9798958333333333,8.839986283420037,0.2123181911184515,0.7796875,1.9597916666666668,17.60833901237858,0.4668935838758047,0.63125,2.91952902555857,27.44030323226539,1.6632519318343275,0.5218068535825545
-70.4975,-13.804167,6.566413301662708,53.08986623298221,6.015409628911245,0.20902612826603326,0.644747624703088,6.2614570176295485,0.4257081477617219,0.8453087885985748,1.1309947916666667,11.611073554504337,0.7859263670859321,0.7796875,2.2619895833333334,22.46933981642557,2.60157290616169,0.6322916666666667,3.357301959219263,39.23378570026945,4.340753547502295,0.5451713395638629
-70.01806,-15.823333,5.676555323590814,51.59160838472636,8.164437987597438,0.24217118997912318,0.4297676846776299,5.253952910807935,0.19840536155354124,0.9196032367528061,0.8575208333333334,10.559177597827397,0.09669728923466846,0.8546875,1.7150416666666668,21.2132108853641,-0.40705938448105733,0.7364583333333333,2.5129906542056073,31.278683021754684,2.4278456897358502,0.6417445482866043
-74.13556,-14.711667,4.204583333333334,29.50939565972222,9.183242040347363,0.39375,0.45083333333333336,3.5371934044919526,0.5080792989843677,0.87890625,0.9016666666666666,8.090052012351375,0.5906807394515116,0.8151041666666666,1.8033333333333335,14.930685413384975,1.516235302622749,0.6510416666666666,2.6765172198386558,26.08785038312936,1.624732815733911,0.5545171339563862
-73.78361,-15.016944,5.774127358490565,52.97565914415717,16.576752942131225,0.2971698113207547,0.5953596698113207,6.0372340873975965,0.8906593922437044,0.8661556603773585,1.0518020833333332,12.505368165926718,0.7765275767266815,0.8213541666666667,2.1036041666666665,23.400624354244748,2.456206597132116,0.6645833333333333,3.136029317759939,39.362370697393224,6.258974895271149,0.5872274143302181
-73.35583,-15.288056,3.258783185840708,33.45482484679693,9.399010117294635,0.5464601769911505,0.35607024336283183,3.141642101310262,0.3031529074717374,0.8949115044247787,0.6705989583333334,6.455089828519291,0.5068591651101844,0.8416666666666667,1.3411979166666665,12.802181218554416,2.4112439646041914,0.7302083333333333,1.9860165706630388,21.68586014312449,5.094404528397501,0.6744548286604362
-72.89389,-15.211111,3.866458333333333,28.838770789930557,10.977704157877334,0.375,0.4477343750000001,3.100499097856576,0.3725880362549086,0.8598958333333333,0.8954687500000001,6.7638346834066825,0.47210281780429814,0.775,1.7909374999999998,12.904493766906494,2.1100191481377615,0.5979166666666667,2.623154329108593,20.178280366227494,5.43497551486444,0.5093457943925234
-72.64861,-15.838056,3.2618541666666667,35.30304052039931,17.62913634503218,0.48125,0.1809114583333333,2.233139863043736,0.18780931108141696,0.9598958333333333,0.3618229166666666,4.756640505153542,0.5782955528074353,0.9302083333333333,0.7236458333333334,9.665064745660755,1.5445937618619894,0.8677083333333333,1.0791277258566978,15.247901256694208,3.302134475365286,0.8208722741433022
-72.08861,-14.399444,5.955660377358491,55.66661890352439,5.911022159859353,0.3231132075471698,0.6277122641509434,6.490238160155559,0.3232872453917287,0.84375,1.1089583333333335,11.892597598436332,0.5846186085263255,0.7817708333333333,2.217916666666667,23.98343160384042,1.310444760370019,0.6354166666666666,3.2222184023217086,36.69974258058552,5.183646408186578,0.5327102803738317
-71.64944,-15.179722,7.194062500000001,63.80452828776041,10.556977842632767,0.15416666666666667,0.7940442708333334,8.741010789916693,0.8979838448616592,0.8377604166666667,1.5880885416666668,19.196174228891223,0.5475196355621424,0.7328125,3.1761770833333336,34.95026173333016,0.2396773006118392,0.5072916666666667,4.692099867188091,56.89218543361986,4.01059330868231,0.3909657320872274
-71.45306,-15.485556,6.239541666666668,53.487600623263894,15.123460930319972,0.2875,0.6948020833333334,7.423090137313861,0.7774451059617772,0.8583333333333333,1.3896041666666668,15.514151497114419,0.7000740110178278,0.7635416666666667,2.7792083333333335,28.21952274246793,0.5120625709612268,0.5583333333333333,4.096095776276418,45.52832018260875,5.243685271817465,0.4470404984423676
-71.23722,-14.253611,4.984518828451883,31.386664099017878,3.706495905543408,0.15481171548117154,0.5555962343096236,3.9710903164875835,0.30334776088182225,0.81668410041841,1.1065625000000001,8.389759225995144,0.4008984760011157,0.7072916666666667,2.2131250000000002,15.368335120349068,1.5112677840009743,0.4864583333333333,3.272278463055822,24.74903407941104,3.162723706047331,0.37227414330218067
-70.89806,-14.948889,5.70438413361169,40.42751731381924,7.696391195016295,0.2150313152400835,0.599712943632568,5.206696499320347,0.4710860432308512,0.846294363256785,1.1969270833333332,10.589396320069522,0.5798160472558352,0.7473958333333334,2.3938541666666664,19.396292201468455,1.1995321891044772,0.5395833333333333,3.5434867419161162,33.01722069371333,4.615739344401254,0.4221183800623053
-70.6775,-15.491389,6.172615062761507,55.200183328810766,12.600705531570107,0.25523012552301255,0.5930700836820084,6.713602610832605,0.5271106920446468,0.8872907949790795,1.1811979166666666,13.834829619669613,0.9824565368442044,0.8041666666666667,2.3623958333333333,26.26132043484328,1.5952092547857368,0.6385416666666667,3.506916208474597,44.190303880504175,4.753737871959453,0.5498442367601246
-70.72833,-14.796389,4.993125000000001,36.836140234375,4.548357677942332,0.3125,0.4774479166666667,4.045500815433703,0.2224729829437518,0.8765625,0.9548958333333334,8.72143953453842,-0.030501839409003684,0.803125,1.9097916666666666,16.343406205121234,-0.4245000666333685,0.6375,2.7764797507788166,23.20877189375388,2.0264521297517413,0.5373831775700935
-71.08778,-15.836667,4.920229166666667,41.1609722391493,9.748796392113734,0.3104166666666667,0.5379062500000001,5.494354681597755,0.7356454778077788,0.87890625,1.0758125,11.51219105789215,0.8718881824980044,0.7973958333333333,2.151625,21.062778706063373,1.3123703957730657,0.6125,3.2099611695565637,36.14094127343324,4.387119885154174,0.5171339563862928
-70.59278,-14.881111,4.871215351812366,45.084565900318694,7.6290179660636985,0.2601279317697228,0.47755863539445625,4.9558630519200335,0.31571441168394376,0.8664712153518124,0.9332291666666668,10.181501652632893,0.31363937103461265,0.7890625,1.8664583333333333,19.159143796064576,0.7611974163560257,0.6135416666666667,2.757165109034268,29.657509554233528,3.195855719642009,0.5171339563862928
-70.35556,-14.694722,4.180167014613779,37.02121416834829,5.473028850143869,0.44676409185803756,0.43713465553235914,4.285207358379815,0.1301521052289865,0.9065762004175365,0.8724479166666667,8.88193271977955,0.17187980656839513,0.8453125,1.7448958333333333,17.349625946828027,0.49990312608409065,0.7145833333333333,2.5849026178673786,27.443059697285463,2.2100824681313607,0.6137071651090342
-70.34639,-15.6393,4.880208333333333,42.71640203993056,7.898351678754216,0.27291666666666664,0.39136197916666665,4.179991563243884,0.29410164573543307,0.91328125,0.7827239583333333,8.936156562018239,0.13449028261986165,0.8473958333333333,1.5654479166666668,17.077518259557067,0.3192107508392432,0.715625,2.317221553934093,26.738086643212732,2.1829196032876825,0.6230529595015576
-70.11861,-15.135556,4.407708333333333,44.99304474826389,10.173728433712462,0.38333333333333336,0.41034123469653555,5.212457768469157,0.05324142951907273,0.9182078666319354,0.8204687500000001,10.791896421662829,0.24175300837986394,0.8583333333333333,1.6409375000000002,20.69182638304428,1.0935179925671263,0.7375,2.4517653167185878,31.590840914675415,3.223078811155557,0.6370716510903427
-69.7625,-15.203333,4.18768267223382,39.10287542331144,6.24814382879153,0.3778705636743215,0.3402244844688071,3.6977343675084673,0.09411110247440024,0.9203863221091099,0.6788541666666668,7.676275782349894,0.24809525711995956,0.8609375,1.3577083333333333,14.702969976850788,0.8370321401115698,0.7447916666666666,2.006372941693825,22.623689293280353,1.1179089335661467,0.661993769470405
-69.49139,-15.389722,5.333749999999999,74.3918609375,16.449256755610612,0.4270833333333333,0.34016671008075017,5.963201128362562,0.20878970138699102,0.9525918207866632,0.6801562499999999,12.680236637438059,0.19186750844073064,0.9161458333333333,1.3603124999999998,25.260938156629663,0.17982507854073732,0.840625,2.0079162340120598,35.51140136394151,2.6093209903235177,0.7710280373831776
-69.8443,-15.6158,5.713354166666667,48.988209374565976,17.107643816544,0.3416666666666667,0.4374863245636884,5.668807069010892,0.021792454644779292,0.9338369367022662,0.8747447916666666,11.468802277485919,-0.1552805317497148,0.8828125,1.7494895833333333,21.976091510859487,0.11783748463067652,0.790625,2.570817412339357,32.76448371572256,3.463430300127457,0.7087227414330218
-73.64389,-14.050833,6.285708333333333,58.17297574826389,8.19830205445009,0.28958333333333336,0.6847994791666667,7.292532756375022,0.6321360545758304,0.8497395833333333,1.3695989583333334,15.312271731530647,0.9580549914613202,0.7567708333333333,2.739197916666667,29.953134624967355,0.8031653441542592,0.5770833333333333,4.01072083734249,45.54006469856024,4.99941556618504,0.45950155763239875
-71.96861,-15.618611,5.530458333333333,46.21178520659722,20.613862179450102,0.23958333333333334,0.6347838541666666,5.915981915064962,0.5850704949907091,0.8278645833333333,1.2695677083333332,12.32908602938958,1.0333447712647015,0.7151041666666667,2.5391354166666664,23.334122121341526,2.0538107049159264,0.503125,3.766636169001851,39.5671315685048,7.524870385692916,0.3925233644859813
-72.83361,-15.500278,3.8925624999999995,26.35092030859375,7.834253364422948,0.3416666666666667,0.4049166666666667,2.7291606868461704,0.20107752896134187,0.86640625,0.8098333333333334,6.056369996172895,0.40961616086353936,0.7817708333333333,1.6196666666666668,11.955522692968934,1.4894612061950976,0.61875,2.3978090322416996,20.060430399638197,2.7098428490292896,0.5264797507788161
-71.69548,-13.597756,4.705316455696202,38.6648578112482,5.8996886129630735,0.3569620253164557,0.466867088607595,3.606666715734913,0.29797033778258397,0.8582278481012658,0.7683854166666666,6.554747712259592,0.42482469368164893,0.8182291666666667,1.5367708333333332,13.52864608666213,1.4588719460618735,0.690625,2.2805978319675266,22.417519923018542,2.8679968708208996,0.6230529595015576
-72.16694,-13.933611,7.043514644351465,58.13752070166839,10.022244655383634,0.2175732217573222,0.7823221757322176,8.031137425264733,0.7227280000601816,0.8125,1.5581250000000002,17.193939464785483,0.8697549965420757,0.7078125,3.1162500000000004,34.055505667483295,1.4756748682158167,0.5270833333333333,4.593294765568597,56.807973371014064,4.496039065712742,0.4174454828660436
-71.57278,-14.028056,5.723723150357995,53.3042925820655,8.615106003082559,0.162291169451074,0.5861694510739858,5.4125966597252875,0.49059980950027193,0.8323389021479713,1.0233541666666668,11.04469303989,0.14036068330198864,0.7645833333333333,2.046708333333333,20.879076594245838,2.5554237922699765,0.5833333333333334,3.02446014291771,32.58145777154488,6.229777280164955,0.4953271028037383
-69.69472,-15.779444,7.56375,80.26272760416667,22.587579459159752,0.26875,0.5865069028392811,8.787166874973693,0.34768469335646807,0.918989320135452,1.1727083333333332,18.408704287394666,-0.31074217308769964,0.8604166666666667,2.3454166666666665,36.70035246221061,-0.7601733345771818,0.7635416666666667,3.4152511929239786,52.121256943137084,8.413691700715017,0.6682242990654206
-70.33889,-15.813333,5.264104166666667,50.08510878081598,8.415133292513884,0.2875,0.46305468749999995,5.480513168447438,0.411921995514041,0.909375,0.9261093749999999,11.33992160516742,0.4742578001686207,0.8416666666666667,1.85221875,21.29210801254385,1.823815630483472,0.70625,2.752312947965288,33.34497061877038,5.772229823170556,0.6012461059190031
-68.86417,-16.338889,6.449269311064718,74.90220719051959,19.073957107486223,0.3277661795407098,0.6092404072043853,8.752879429899268,0.16540261718825877,0.9104672409292612,1.215625,17.968538392752603,0.11848936169427006,0.8463541666666666,2.43125,36.3762741153758,-1.0003842468490771,0.7270833333333333,3.625250041013285,52.03340516854153,8.182925563872054,0.6292834890965732
-70.79639,-14.626944,5.094604166666667,32.50392525998264,6.274096789860789,0.2375,0.539453125,4.100307828698943,0.3027141883059377,0.8486979166666667,1.07890625,8.465637269874687,0.5139450339063951,0.7552083333333334,2.1578125,15.902346752297571,1.4676819662591527,0.5635416666666667,3.1920820351690784,26.466491981590675,5.013811384458426,0.4672897196261682
-69.68417,-14.126944,8.970953436807095,68.1653868958363,27.347750083715287,0.07760532150776053,0.8027439024390245,8.99610709804974,0.6830312958819313,0.8422949002217295,1.5084895833333334,18.35051900352243,1.0235954049840639,0.765625,3.0169791666666668,35.43341100509097,4.295766071314355,0.6041666666666666,4.502786074415074,58.58875921086201,4.43720616177933,0.5046728971962616
-71.40028,-16.400278,3.3137499999999998,26.3998109375,10.425956024921689,0.41041666666666665,0.2926302083333333,2.6924188584988467,0.19281306796314818,0.92421875,0.5852604166666666,5.838876399236519,0.3327830561188564,0.8755208333333333,1.1705208333333332,11.189642466676851,0.6548169230574858,0.7583333333333333,1.7487455122106164,18.9630637119415,2.0908382816573194,0.6838006230529595
-70.85667,-16.3825,3.8062630480167017,32.297163279448746,9.589561635602701,0.3736951983298539,0.37460855949895616,3.412026191327308,0.39815816130478043,0.9086638830897703,0.74765625,7.315658768734132,0.5088805830903615,0.8489583333333334,1.4953125,13.848371253315245,0.8073702487541362,0.7114583333333333,2.189707250640995,22.29964627926943,2.3761391486556964,0.6199376947040498
-69.64361,-17.305,4.3546458333333335,36.73989362456597,10.132605031053362,0.33958333333333335,0.4815651041666667,4.89353083367061,0.3755765309256805,0.8934895833333333,0.9631302083333334,10.500507710991318,0.17236916153530654,0.8234375,1.9262604166666668,19.351948821408026,0.8172526740075721,0.6552083333333333,2.84794262719432,32.323508450869376,4.377871092781435,0.5669781931464174
-70.69444,-16.813056,5.302229166666667,39.49770065581597,21.366578252065004,0.3125,0.5331067708333334,5.013944308503586,0.5173252692154532,0.8921875,1.0662135416666667,11.418201086404455,0.4577380655695442,0.83125,2.1324270833333334,21.14802021236489,0.6183835370463315,0.6739583333333333,3.180171339563863,36.07197819755713,6.5151553967355325,0.5825545171339563
-70.25389,-17.271111,3.111034292035398,25.36670425380193,11.294065746645714,0.4823008849557522,0.26780351216814163,2.426432293953134,0.32987628380205863,0.9452433628318584,0.5043632812500001,4.988167350149203,0.5282646380596843,0.9104166666666667,1.0087265625000001,9.71734411290765,1.246507964189582,0.828125,1.4844704846753298,17.06238850891197,2.335745767807971,0.7834890965732088
-69.64361,-16.084722,5.174145833333333,41.62748760373264,13.472388413577747,0.23333333333333334,0.3872935660328211,4.6622878431440915,0.10728934639564756,0.9231570721542068,0.7743854166666667,9.494888120766607,0.19973345327026623,0.8640625,1.5487708333333334,19.38679832423365,-0.9127795722696233,0.7552083333333334,2.247983836828502,27.201420609969915,4.981186401897949,0.6682242990654206
-69.45722,-16.203333,6.911294363256785,64.83883298015611,18.869385412415564,0.20876826722338204,0.4537457582876533,6.156140452878675,0.08334522939682594,0.9310884886452623,0.9053645833333334,12.298728708782669,-0.1464054481690212,0.8765625,1.8107291666666667,24.733268328671915,-0.6572570990017559,0.7770833333333333,2.700700934579439,34.86315220230058,5.4916495272147285,0.6822429906542056
-69.0404,-16.5688,5.303144654088051,59.11263162058462,12.16461205046866,0.40670859538784065,0.45667103538663173,6.390084926808952,0.06948650464882579,0.9213630406290957,0.9073958333333334,12.976794459123854,0.09721116417783518,0.865625,1.8147916666666668,25.035570339032386,1.2984785820353033,0.7614583333333333,2.682164687076214,37.72069868794854,5.917926032707188,0.6822429906542056
-70.06778,-16.1525,6.027635983263599,54.67827411853784,13.827193713449045,0.24267782426778242,0.4652458158995816,5.922070921105128,0.33890742809332336,0.9184100418410042,0.9266145833333332,11.87098845137014,1.0420647291252403,0.8546875,1.8532291666666665,23.294728984943415,1.766884077725892,0.7239583333333334,2.7397196261682244,37.7447571541931,6.345533723267496,0.6292834890965732
-75.20333,-8.830278,12.980088495575222,476.5707097266818,90.5704704432453,0.37831858407079644,1.250857775318207,30.044446072162035,5.0684274732259045,0.8334255672385169,2.3544791666666667,67.27526189362436,9.037296678381725,0.7708333333333334,4.7089583333333325,150.197956089412,22.10066839143953,0.6625,7.041433021806854,235.16327823102492,35.605238425541835,0.5700934579439252
-78.54222,-7.440556,8.0764305625,110.32954362930113,37.66265877617642,0.275,0.8094816358426673,10.490364064084602,1.075256964058617,0.8624641833810889,1.6185416666666668,23.222533734089705,2.0582527801632384,0.7838541666666666,3.237083333333333,45.332394775730464,7.111843075928678,0.628125,4.815163022576975,80.46635884080207,13.9500766202651,0.5498442367601246
-76.73,-6.518889,3.415541666666667,54.41070137326389,4.360412910834917,0.5104166666666666,0.33751758270382914,4.3898350081918895,0.6040013736789875,0.9093513935920813,0.674859375,9.994851264860184,1.3188387844034066,0.8578125,1.34971875,24.744649661206093,1.289014480589338,0.771875,2.0041658013253913,37.81944726672517,2.120817503743059,0.7102803738317757
-76.30028,-6.333611,13.950416666666667,442.9101248263888,44.17071189942885,0.25416666666666665,1.3523834331857252,42.23871577243405,5.523679991743605,0.8556915863506122,2.7040624999999996,92.45889128284847,8.454125144024323,0.7760416666666666,5.408125,191.8503179407131,16.764797707849038,0.6385416666666667,8.043299227426846,292.3105827165547,31.53310038646921,0.5389408099688473
-76.77944,-9.711667,5.202544529262087,42.550375204760144,8.929941173699635,0.21628498727735368,0.5208399618199173,4.612758450312006,0.40321189146893066,0.8428253261215399,0.8526041666666667,8.445824294229302,0.4068502217711169,0.7963541666666667,1.7052083333333334,16.93332616132215,1.3010144503097494,0.6583333333333333,2.5498442367601246,26.834275852035276,3.957304404039428,0.5560747663551402
-75.05083,-11.593056,5.182978723404256,46.92973391680499,7.235488876826606,0.35697399527186763,0.4927874667454921,5.531178592687041,0.1827698057134045,0.8844221105527639,0.86828125,10.323312893227603,0.31620970992297837,0.8354166666666667,1.7365625,20.325755247255984,0.4302952183219993,0.7270833333333333,2.5764388948631667,32.056509425306935,3.2937786574233345,0.6448598130841121
-74.78583,-12.199444,5.113716814159292,44.95901538883232,6.4834754378458594,0.3030973451327434,0.42887966804979255,3.903615146511373,0.3349733948006567,0.8719225449515906,0.8074999999999999,7.91767629872945,0.5278936290378832,0.8104166666666667,1.615,15.72781193455489,1.6157185595660428,0.68125,2.4004794666215337,26.569986119468187,4.024421045230965,0.6074766355140186
-71.64722,-13.2175,6.432588235294118,62.099226242214534,0.14713613292420388,0.20705882352941177,0.6565147058823528,6.45346428024212,0.48502385052728414,0.7944117647058824,1.1625781249999998,12.626111628752003,0.4062073281321656,0.7244791666666667,2.32515625,25.331066299952866,1.6108742425987816,0.5697916666666667,3.436774063450305,40.029235352889884,2.987777127353899,0.49065420560747663
-71.87861,-16.030833,2.373666666666667,21.129116555555555,8.141666941103704,0.5822222222222222,0.15883055555555556,1.5696562918178971,0.0749196847086876,0.9602777777777778,0.29780729166666664,3.156900521448091,0.04741662347199843,0.9364583333333333,0.5956145833333333,6.248559406415323,0.14134326048356338,0.8822916666666667,0.8906236844320654,9.744898467501693,0.885547818566821,0.839563862928349
-76.77806,-6.256111,4.518041237113402,71.64859203953661,5.9669346127450105,0.47164948453608246,0.3975837628865979,6.190726410500284,0.30674205010948247,0.9107603092783505,0.6427604166666666,10.636632388004918,0.4234007448574414,0.8869791666666667,1.2855208333333332,22.16410320741541,1.453669499077221,0.8135416666666667,1.90549090523106,34.65479881986114,4.491622371593739,0.7616822429906542
-73.26045,-3.742514,8.034631043256997,209.52134547455796,41.0824088680187,0.4961832061068702,0.8283078880407124,17.49065341582758,2.219007585297741,0.8689567430025446,1.3563541666666665,31.68098504180654,4.406199498942027,0.8395833333333333,2.712708333333333,71.68522186513887,12.657017357311185,0.7520833333333333,4.032242990654205,114.74391181992576,31.289551669635657,0.6853582554517134
-76.93361,-6.050278,5.377942477876106,90.18104289049651,7.546752336923369,0.38495575221238937,0.5587607192254495,9.551836300847533,0.6020340105308544,0.8904564315352697,1.0520416666666668,19.536195896379823,1.1784937374975606,0.8354166666666667,2.1040833333333335,39.70072971007524,3.15904780752315,0.7291666666666666,3.141619937694704,62.69749432803347,4.361509242511577,0.6370716510903427
-80.03389,-5.084722,5.2700000000000005,173.38601666666668,65.0576933194154,0.5770833333333333,0.4934878874706955,11.6166560548869,1.1375566669526995,0.9335764522010941,0.9867187500000001,25.312587265839003,2.4361876841002292,0.8973958333333333,1.9734375,57.66536647049552,13.453260847069462,0.8385416666666666,2.944392523364486,93.57594825331424,32.55543311293423,0.7866043613707165
-73.23361,-3.450278,7.526327433628318,239.40724934411466,-12.961594015739127,0.6371681415929203,0.8017975663716814,21.533589971274047,3.03001065420675,0.9065265486725663,1.5100520833333335,46.12027536598498,3.939569491369227,0.8630208333333333,3.020104166666667,98.94312053134449,4.938049642684383,0.790625,4.487703991434086,145.77799306627594,2.5501108106518924,0.7227414330218068
-77.65028,-9.933611,4.005833333333333,34.75996597222222,15.834933297088861,0.28125,0.4370148476165668,3.50350800431291,0.522174723987207,0.8681948424068768,0.8738020833333333,7.577589270904796,1.013690380050817,0.7864583333333334,1.7476041666666666,14.543790916567783,3.0608706405717907,0.5979166666666667,2.577038257644788,26.993867475619574,6.2716517003357035,0.5171339563862928
-77.89003,-9.559667,1.1542452830188679,11.44540650587398,4.07955346111833,0.6533018867924528,0.10837511058684754,0.640341931925929,0.08709598210983695,0.9419050427602477,0.19140625,1.2005115213544892,0.33801019657757064,0.9145833333333333,0.3828125,2.7942086394043524,1.1950575422706142,0.8447916666666667,0.5674454828660437,6.38486661864883,1.1790532411473071,0.7990654205607477
-76.70028,-11.616944,3.156458333333333,25.93733328993056,10.09727083324276,0.39791666666666664,0.3053399322740297,2.6161913591206907,0.3124587143444227,0.9064860640791873,0.6105208333333334,5.899257725943865,0.2936419025919166,0.8432291666666667,1.2210416666666668,11.420066948456952,0.719285342903313,0.709375,1.8209627379170659,19.09019612936375,3.5359076628469013,0.6292834890965732
-76.53164,-11.845083,3.774583333333333,36.986853993055554,17.695778835754492,0.42083333333333334,0.3312060432404272,3.434495805480141,0.4461605092770012,0.9301901536858557,0.6622395833333333,7.7187932362006455,0.7705334581554638,0.8802083333333334,1.3244791666666667,15.797524146192643,1.5821669870539172,0.7708333333333334,1.9571146688765773,27.348501004236795,3.8296197157256655,0.7118380062305296
-77.28361,-10.750278,2.266827731092437,15.203635104777204,6.821000650640752,0.4180672268907563,0.18760504201680672,1.3460291356602112,0.11543184209520038,0.9327731092436975,0.3720833333333333,2.8518795990029493,0.2964931776000911,0.8786458333333333,0.7441666666666666,5.525838312464504,0.8833288397382267,0.7739583333333333,1.0929758195164936,9.348810201656383,1.8734885817876452,0.7165109034267912
-76.21694,-12.450278,2.8429166666666665,20.172908159722223,7.492149251551271,0.3958333333333333,0.2937223235217505,1.9747627977943578,0.20377088106917718,0.8900755405053399,0.5872916666666668,4.211322951065789,0.25527971530758053,0.8161458333333333,1.1745833333333333,8.132096214040706,1.3978286871924068,0.6697916666666667,1.7563862928348908,13.105228972955342,4.603870149127995,0.5747663551401869
-76.42,-12.1325,2.682743362831858,24.56912698723471,7.493458025421545,0.4092920353982301,0.25745504840940525,2.092172688798141,0.2819972548935397,0.9109266943291839,0.4847395833333333,4.503377703273002,0.271372970097512,0.8619791666666666,0.9694791666666667,8.622369992015129,1.2512416423465045,0.7354166666666667,1.4428135245163354,14.369136889432893,3.9694445803545384,0.6713395638629284
-75.54222,-13.220278,4.742964601769912,41.324552715561126,15.62138561911303,0.3805309734513274,0.47328077455048406,4.652488519486236,0.5650142326041951,0.8940525587828493,0.8910989583333334,9.634896855627042,0.9874274397653676,0.8390625,1.7821979166666666,18.40291963819944,2.670923184375664,0.7072916666666667,2.6562290024413797,33.3003984717824,4.913352687048005,0.6292834890965732
-74.9406,-14.1319,8.812291666666665,115.2484759982639,51.11105800051836,0.21458333333333332,0.7676921073196145,13.020403125553658,0.8077613541809006,0.8681948424068768,1.5349843749999998,29.02382627540873,0.4198890138560958,0.7953125,3.06996875,54.04198156258094,-1.746877123073115,0.6229166666666667,4.584985541259853,86.88737569283128,7.36568761987453,0.5155763239875389
-80.89806,-4.559167,2.665669456066946,75.8272417066403,26.71262084302953,0.8242677824267782,0.18340047083442326,4.29531210538898,0.7112995479261581,0.9798587496730317,0.3651770833333333,10.588665668077764,0.7912085659219016,0.96875,0.7303541666666667,24.009132674097128,1.0026395954483265,0.9520833333333333,1.0795015576323987,36.54786110410874,6.057803620447377,0.9330218068535826
-76.70028,-4.816944,7.426291666666667,161.4262012482639,5.330911046447315,0.48333333333333334,0.7214430841364938,14.747072896023333,1.2205336419345707,0.8898150560041678,1.4425104166666667,32.90976770407729,0.6098195260839805,0.8307291666666666,2.8850208333333334,66.90680604099722,-0.5981821480987238,0.728125,4.280326340642871,102.6181859389087,3.8375133763685283,0.661993769470405
-80.49139,-4.576111,3.223075221238938,133.58209651646564,32.9192485843918,0.8097345132743363,0.2918478561549101,10.233766915715137,1.0525101042533413,0.9615491009681881,0.5494947916666667,21.17851502868931,1.7502368685725855,0.9447916666666667,1.0989895833333334,47.26232311244303,3.293294662224674,0.921875,1.6433489096573208,67.88979517218756,16.575603486882244,0.8925233644859814
-79.99972,-4.796389,5.613053097345133,109.65142474939307,27.908410744004087,0.3495575221238938,0.4773084370677731,6.185917699683665,0.8678900857942524,0.8993084370677732,0.8986822916666668,12.953249384165414,2.4989049813471222,0.8505208333333333,1.7973645833333334,29.99962702175282,6.474397316522733,0.7625,2.6256408546579446,50.28649428612918,12.466070877466503,0.7118380062305296
-79.96722,-5.580833,3.321098901098901,145.25062956164712,26.917783400060827,0.7670329670329671,0.3461033250893103,12.965552011746123,1.417685350962239,0.9585050838142347,0.6559739583333333,27.794311552293628,3.2065101708648163,0.940625,1.3119479166666665,63.77156406743912,5.305702983183403,0.9041666666666667,1.960312791271409,98.882203572102,13.454131148449825,0.881619937694704
-79.79639,-5.338889,6.624875,237.21147373437495,78.94373410487371,0.5479166666666667,0.6107501953633759,18.776135197484127,2.2246275265803184,0.9327949986975775,1.2211822916666664,40.7696616159361,5.665166546061568,0.8973958333333333,2.4423645833333336,93.22449038835151,12.544286698629463,0.8354166666666667,3.613464289841287,142.17736019179569,48.043731223216305,0.8006230529595015
-79.83,-5.033889,9.714330543933054,161.47783543048968,46.453857288123004,0.13389121338912133,0.8327465341354957,16.425474568563004,1.5449082141698043,0.8898770599006016,1.6581197916666668,35.937200381865445,4.750223900776073,0.8265625,3.3162395833333336,75.80691024788683,10.76947458969585,0.7041666666666667,4.934899399082768,116.84530740662694,25.21351502681487,0.6370716510903427
-79.88361,-5.316944,5.6,209.3678761061947,68.72485587583161,0.5376106194690266,0.5527800829875518,16.818971803594565,1.7900665391026038,0.9341632088520055,1.04078125,34.90850412585889,4.819178433913725,0.9010416666666666,2.0815625,78.37215650862997,13.766858588347972,0.8375,3.0992096457907055,128.27437448287898,39.47997551388989,0.8068535825545171
-79.40667,-5.338889,1.950625,25.31348919270833,5.1264643780988814,0.7291666666666666,0.1867022662151602,1.9192112799797858,0.22502286469478375,0.9452982547538421,0.37330729166666665,4.614875906246056,0.3216287136998125,0.915625,0.7466145833333333,9.489050095800561,1.8123921159371859,0.8635416666666667,1.1017912772585667,15.619295924579514,2.7525824570131214,0.8286604361370716
-79.31694,-5.766944,3.8457547169811317,53.699746128515486,14.368359607690442,0.5094339622641509,0.30300796225302273,3.717045718172075,0.4400609656870935,0.9292244175759363,0.53515625,7.580679912973959,0.9131689978734775,0.9052083333333333,1.0703125,16.504034687352664,3.106347789217899,0.8427083333333333,1.5845553991590688,25.26175294049634,7.211569319236184,0.8037383177570093
-79.06694,-5.966944,6.968141592920354,86.99279035163285,39.18576938778597,0.24778761061946902,0.5198063623789765,7.424628340900444,1.005272073019924,0.90567081604426,0.9786979166666666,15.570444414477723,2.1388686560967614,0.8619791666666666,1.9573958333333332,32.046643970115056,7.3809755782295685,0.778125,2.886331775695953,56.17442219470351,14.241004089601237,0.7133956386292835
-78.18917,-5.891389,4.4609756097560975,112.37497377102375,11.497895260757467,0.5853658536585366,0.35519822567230386,7.005757667161566,0.9400578831246903,0.9439977820903798,0.6672916666666667,16.18280562792724,0.9799221628824607,0.9182291666666667,1.3345833333333335,33.394710687491944,3.683057996663689,0.8604166666666667,1.9928348909657323,54.47558318736066,6.845796611563321,0.8130841121495327
-73.58361,-4.500278,8.478982300884955,194.3770582563239,16.23938514378992,0.4004424778761062,0.8921183628318584,20.793844800319658,0.9044489293202261,0.8581305309734514,1.68015625,40.90342894114682,2.7732680681894237,0.79375,3.3603125000000005,84.49871284467314,7.8145241298584,0.6739583333333333,4.9867601246105915,139.5963895367954,9.344120866608035,0.5919003115264797
-78.49139,-7.779444,3.8306249999999995,44.46283294270834,18.769703287284695,0.43333333333333335,0.40773638968481374,3.9616303062607687,0.5109283070474958,0.8736650169314926,0.8152604166666666,8.480866592905828,0.9792981124960002,0.803125,1.6305208333333332,17.178226026746504,4.353519585367081,0.6635416666666667,2.424454244459593,31.56493284831256,11.365812835960757,0.5919003115264797
-79.4045,-6.1313,4.506342190265486,64.9392329113326,12.245140906898829,0.413716814159292,0.3413278008298755,4.0811671146621995,0.5838975142154664,0.9142461964038727,0.6426562499999999,9.078224649065543,1.27397550052499,0.875,1.2853125,19.695587155451715,4.267467134316136,0.7989583333333333,1.8799892084056669,31.666145076042696,6.512606639944565,0.7445482866043613
-79.35583,-6.406667,7.417046405063291,187.41060576662863,85.05717443567454,0.4151898734177215,0.6022257373417722,14.906706357602339,1.6302910312412113,0.9256329113924051,0.9911631927083333,26.832874761104446,3.3206869312221814,0.9026041666666667,1.9823263854166666,60.62157391659307,11.192243361038566,0.8447916666666667,2.9437824454789627,95.04584231171076,38.923531524984156,0.7990654205607477
-79.1342,-6.0419,3.0650442477876108,55.25121172370586,4.957684240032551,0.5619469026548672,0.19966804979253114,2.297140291447665,0.348374856794573,0.9366528354080221,0.37593750000000004,5.427956828754607,0.29008597438795075,0.9067708333333333,0.7518750000000001,11.105229075418071,1.173157618537682,0.8520833333333333,1.092555966095579,16.70672978632239,2.16250141461996,0.8037383177570093
-79.08444,-6.813056,5.686504424778762,155.42329132077688,72.20900534543193,0.38716814159292035,0.5983679114799447,13.10862067393178,3.5792774177970714,0.8990318118948825,1.1266145833333334,29.50353375730118,7.617792197578975,0.846875,2.2532291666666664,64.42185939754695,16.748704077120767,0.73125,3.3526932815180293,120.80240371545678,47.580237275037504,0.6635514018691588
-79.03389,-7.084722,4.261377870563675,57.618946744478976,18.55777437081525,0.407098121085595,0.37470634299138605,4.735505652152876,0.26098399737173056,0.9159488384233881,0.74765625,9.940841499788121,0.8623685436912072,0.8640625,1.4953125,20.710275049463842,3.207342499997895,0.759375,2.212545095576473,33.34810629462883,7.48609447218336,0.7040498442367601
-79.46694,-6.350278,2.7179166666666665,63.78046024305556,15.819266901168445,0.7416666666666667,0.25095076842927844,4.889132176798471,0.443713857282051,0.9497264912737692,0.5017708333333333,10.813751924809747,1.4362715114649145,0.921875,1.0035416666666666,23.464913219048345,5.372751944937005,0.8802083333333334,1.4922118380062306,35.586138840959634,9.877474967519047,0.8426791277258567
-78.93083,-7.407778,4.132864583333333,72.89494205457898,23.84556210175797,0.38333333333333336,0.4086936702266215,5.498169197403949,0.6502545929789294,0.895806199531128,0.8171744791666666,11.558001260298491,2.168105750692364,0.8333333333333334,1.6343489583333333,25.488340753496924,6.74665854023438,0.7145833333333333,2.4334453534178433,53.23174974154507,8.020974664128447,0.6557632398753894
-78.8376,-7.2242,1.9887499999999998,29.564415104166677,6.609110904879963,0.7791666666666667,0.19674394373534773,2.1590445256643407,0.1282006834157176,0.9536337587913519,0.3933854166666667,4.698909474113303,0.30137936614416516,0.9286458333333333,0.7867708333333334,10.038221518137648,1.5479453827742764,0.8739583333333333,1.1697819314641742,17.04970735471919,1.9110032595303528,0.8255451713395638
-78.75506,-7.850306,4.199845132743363,66.58406701141436,25.47765025748661,0.37831858407079644,0.3976210235131397,6.045046908331906,0.6295729031601149,0.9109266943291839,0.7486458333333333,12.376564590943332,1.3066241596767507,0.8609375,1.4972916666666667,25.47779988963111,6.8855856064308645,0.7635416666666667,2.212928348909658,42.8369585804871,12.3023093313888,0.7040498442367601
-78.74556,-6.677778,8.74373522458629,182.3424134712651,43.63418641893458,0.2789598108747045,0.7459515366430259,14.3906341987143,1.8000229503736147,0.9030732860520094,1.3147395833333335,28.357351018742538,2.576295106422837,0.8604166666666667,2.629479166666667,57.61196153528834,10.898608428751325,0.7604166666666666,3.9243682937541724,98.1644634742585,20.035027691362433,0.6947040498442367
-76.40667,-7.406667,4.069791666666666,92.00552495659721,7.99383290700749,0.5979166666666667,0.43004168837936424,6.8125539466750356,1.2518584832700816,0.9137571651902032,0.8596354166666667,17.586289068176605,0.9122216681603036,0.8697916666666666,1.7192708333333333,37.417394865538846,2.378377747570885,0.7864583333333334,2.5708722741433023,55.65079306336567,8.46828278913333,0.7165109034267912
-77.08444,-6.135278,6.198145833333332,105.98850927039932,8.047724931497017,0.375,0.5384214639228966,9.703920145898287,0.6141152588562377,0.8934618390205783,1.0765625,20.857273866177138,1.1381739067209249,0.8322916666666667,2.153125,42.02535825649951,2.6221726590273193,0.725,3.2084112149532715,68.48310261360697,4.833805718894482,0.6401869158878505
-78.74861,-6.56,4.433628318584071,58.39307267601222,15.99131001338988,0.4446902654867257,0.4024896265560166,4.609977349565163,0.6190427426192067,0.906777316735823,0.7578125,9.967735721926596,0.8535760229903645,0.8604166666666667,1.515625,20.87334673595749,3.4280692104904293,0.7677083333333333,2.2596604678053254,32.9351115974938,8.600135884523247,0.7009345794392523
-76.915,-6.101389,4.76834375,81.22217272558595,4.97907647424443,0.4708333333333333,0.46362203698879917,7.808072807503025,0.713905142907867,0.8999739515498828,0.9270026041666666,17.358092676888493,1.0395135439304983,0.840625,1.8540052083333334,35.8655575805622,1.4953383244575402,0.7416666666666667,2.7693847352024923,57.059222127093676,0.2099115275194506,0.6542056074766355
-76.68361,-7.433611,7.351548672566372,290.4028515839141,53.958602117790925,0.4690265486725664,0.6941078838174274,19.63398103015397,3.099045865246837,0.9023513139695712,1.306875,41.518877052236014,7.453504185871441,0.8588541666666667,2.61375,98.79198464277661,14.889198828974866,0.7697916666666667,3.8816199376947043,160.53087902532513,24.854011855385817,0.6900311526479751
-76.57611,-6.813056,3.6354166666666665,79.3660373263889,3.9652244168261594,0.58125,0.3712425110705913,7.012369962364698,0.7775698740146825,0.9239385256577234,0.7422916666666667,15.971279233619601,1.2969498794393466,0.8776041666666666,1.4845833333333334,33.48941129876145,2.1728313114008304,0.7947916666666667,2.2186587965412214,51.844173480262135,3.0621675552965915,0.7242990654205608
-76.50833,-6.508333,2.8500625,57.7980610377604,5.337739335847821,0.6083333333333333,0.27864287574889296,5.03024515497881,0.28596826329106045,0.9265433706694451,0.5571406250000001,10.59206120814722,0.8239179021211108,0.884375,1.1142812500000001,23.53776542245386,1.9925717082009295,0.81875,1.6637618257148088,36.045043974002326,2.387923256197022,0.7570093457943925
-76.47417,-7.118333,2.602092583333333,64.15977366883166,7.04002277309674,0.7208333333333333,0.284331537258989,5.966917693951642,0.5586189914631919,0.9379885356956749,0.5683668958333333,13.921574397832945,0.3585883027831087,0.90625,1.1367337916666667,28.391186475503222,1.0921711421818139,0.84375,1.687059529248964,42.05572798829774,4.78949397264003,0.7990654205607477
-76.42361,-6.423611,6.125875,154.131239234375,6.120894129403738,0.5583333333333333,0.6285803594686116,13.985337841419145,1.35706011768605,0.8976295910393332,1.2568333333333332,30.254996440905174,2.8056570360174065,0.8463541666666666,2.5136666666666665,63.24512722006909,3.6546826611008565,0.759375,3.73258080225258,103.26857971874324,-0.24014612362562635,0.6791277258566978
-76.25389,-6.067778,8.882635983263597,248.79319221477215,39.78154016069159,0.5104602510460251,0.9173424012555584,21.124267168902023,3.5508409541262376,0.8804603714360449,1.8265625,50.678321438436384,4.101063131562303,0.821875,3.653125,107.27938584618805,8.876745660955613,0.7135416666666666,5.435955572576371,175.223336501281,23.98629021013065,0.6401869158878505
-76.28056,-6.778611,2.9120833333333334,68.40210399305556,2.7740703284475674,0.6604166666666667,0.2687597707139135,3.7169862001983183,0.7266081831764875,0.9346013548723293,0.5372395833333333,10.044117830949874,0.3078891296497575,0.896875,1.0744791666666667,20.92505241395994,1.6741499576474481,0.8364583333333333,1.5985981308411217,31.220472032790546,2.3057230033455247,0.7725856697819314
-76.0983,-6.5689,6.359166666666667,157.91866597222221,21.055888655474373,0.5041666666666667,0.591479937467431,10.298323489947137,2.308155335964011,0.887441375716519,1.18234375,24.886906095623996,3.9961137740275237,0.8296875,2.3646875000000005,56.673793834850265,5.193039953548943,0.73125,3.5359813084112157,82.33911260290438,13.31485404689349,0.6510903426791277
-75.79,-6.215833,7.040566037735848,194.25278835884657,15.511921262456784,0.455188679245283,0.693364789147744,15.419582080254226,1.9234614301510897,0.8870539663815984,1.2245833333333331,30.414856130304504,3.857294524461947,0.84375,2.449166666666667,64.71060726021054,8.371109442965077,0.7458333333333333,3.653738317757009,116.26920046531285,6.782851485632331,0.6697819314641744
-76.16694,-7.000278,4.020625,78.04538710937499,2.1565978854057923,0.6541666666666667,0.42470036477331946,5.823090362819604,1.1358897115931093,0.916362688900469,0.8489583333333334,15.252302548266618,0.7566044527450505,0.8723958333333334,1.6979166666666667,31.370838150421253,0.7162293924520784,0.790625,2.5389408099688473,46.80149123105432,2.3520924415726148,0.7149532710280374
-78.06833,-7.937222,6.3348125,62.82162996484375,21.396864253580052,0.31666666666666665,0.6991143526960146,7.088864986185243,0.7420509770944488,0.8502214118259963,1.3978645833333332,15.626301038866615,0.8613498665846987,0.7645833333333333,2.795729166666667,29.97782771937067,3.4810226339796944,0.59375,4.164196312516541,49.0241218238869,12.332425086926714,0.5093457943925234
-78.32194,-7.118611,3.9008333333333325,41.91237430555555,8.612938063964227,0.42916666666666664,0.42300078145350356,4.448465480452744,0.37006406511678475,0.8734045324303203,0.84578125,9.455081952440597,0.6348989728755822,0.8015625,1.6915624999999999,19.334353844783582,1.4703413092916104,0.6666666666666666,2.5199971264704306,30.81538849973977,4.54697488914847,0.5919003115264797
-76.49139,-7.253889,3.519791666666667,80.25900412326388,8.375538717724263,0.7229166666666667,0.39828035435122455,6.978571750159727,0.9963851104014497,0.9314747264200104,0.7961458333333333,17.133572259591816,0.8698947646385461,0.8963541666666667,1.5922916666666667,34.98009192231992,3.3323409733037663,0.8270833333333333,2.3809968847352025,52.952788982289555,8.976071101744093,0.7710280373831776
-78.1525,-8.101667,5.747708333333334,61.82861974826388,23.9581298168022,0.39375,0.6119301901536858,6.245727270395191,0.6878555362874423,0.8668924199010158,1.2235416666666667,13.976755235712131,0.3691918383722305,0.7947916666666667,2.447083333333333,26.598964798386003,2.5574429479436804,0.6385416666666667,3.6424221824221337,43.4322649460701,11.884681678354905,0.5529595015576324
-77.95556,-8.194722,3.4053097345132746,25.58010455008224,6.167863877993029,0.44026548672566373,0.35159059474412174,2.6496250154399625,0.20751333446964065,0.8954356846473029,0.6619791666666667,5.524710697451349,0.24359422855631413,0.8432291666666667,1.3239583333333333,10.868776099229775,1.0664804665673178,0.728125,1.9708246067594655,17.880991566051993,2.5812464013460077,0.660436137071651
-77.65028,-8.566944,4.3602510460251045,37.1108049578964,19.36499971391049,0.4769874476987448,0.4421396808788909,3.5316806609954705,0.3540735277611343,0.8880460371436045,0.8803645833333333,8.068298856713037,0.32745393316459576,0.828125,1.760729166666667,15.76828114947976,1.1364458302120706,0.709375,2.5826619686234653,24.708212143738713,5.678257784002029,0.6339563862928349
-78.28778,-8.101667,6.363207547169812,73.72633499466004,40.82969928429984,0.32075471698113206,0.7168092008257151,8.665820117795322,1.177335217807461,0.8484222943084636,1.2659895833333332,17.310996306255543,1.8697972708407489,0.8036458333333333,2.5319791666666664,32.56966765346428,6.360648969600078,0.6385416666666667,3.774714641025897,61.23428163487649,16.552658429954914,0.5669781931464174
-75.51417,-9.029722,22.079424778761066,716.6664129434569,134.32799873756647,0.27876106194690264,2.4619535141117876,60.702707901022876,10.997149251926169,0.7421140011068068,4.634114583333333,138.8349907663763,20.711748820756387,0.6666666666666666,9.268229166666666,301.8167587821139,51.56644315060631,0.5270833333333333,13.701474573653863,486.6078152247616,105.91334089301614,0.4439252336448598
-77.40028,-10.400278,3.087916666666666,25.81402065972222,12.928590161432957,0.5541666666666667,0.33171875,2.5336819250790152,0.16605823638373343,0.91015625,0.6634375000000001,5.350177686894037,0.5123771747624011,0.8541666666666666,1.326875,10.90179206470712,1.7961257195657983,0.7354166666666667,1.9775700934579439,19.135535015667774,6.458640908181978,0.6651090342679128
-76.96694,-10.866944,0.9599580712788259,4.643082178535483,1.093873276602541,0.6813417190775681,0.1055570117955439,0.43147394059392125,0.0532563770244688,0.9407601572739187,0.20973958333333334,0.9353083643168697,0.11247348844434969,0.9057291666666667,0.4194791666666667,1.9446228277431947,0.41538141772189824,0.825,0.6272585669781932,3.283272670104084,0.6432306870095225,0.7772585669781932
-76.50028,-11.383611,4.4766666666666675,23.075205555555556,5.051899350498734,0.2375,0.4663193539984371,3.4132975455284074,0.26612297834942233,0.8741859859338369,0.9323958333333332,7.357516244444202,0.03369287316952151,0.7953125,1.8647916666666664,13.236398955599451,-0.6958840903766408,0.6166666666666667,2.775801068077138,21.32768978244221,0.6902802063104522,0.5155763239875389
-76.93361,-10.950278,5.4125,36.473927083333336,15.336928170668102,0.22708333333333333,0.5358687158114092,4.510299953107362,0.6809242569301217,0.8710601719197708,1.0714583333333332,9.695356501105037,1.0493319513700838,0.7880208333333333,2.1429166666666664,17.76589490500386,3.0297819432498616,0.6145833333333334,3.1981308411646148,33.75642655785117,6.110137645896013,0.5280373831775701
-76.90028,-10.783611,3.2922695106382975,24.894581147808484,7.522038797548849,0.39574468085106385,0.3439123889332269,2.959618399274404,0.30815700642835225,0.8933226922053737,0.6733159739583333,6.202779327735042,0.5390776646834858,0.8317708333333333,1.3466319479166666,11.917372094008837,1.4041000839914133,0.6895833333333333,2.0086761967218547,19.662988216311433,3.1856898419253836,0.6137071651090342
-76.63361,-11.200278,4.136041666666666,25.471430164930553,10.314227933538458,0.28958333333333336,0.40500130242250587,2.961953787885669,0.4067932618894144,0.8843448814795519,0.8097916666666667,6.268377311519866,0.5033690050410883,0.8098958333333334,1.6195833333333336,11.757212060375082,0.7692194509369322,0.6510416666666666,2.4047132009657783,20.199436092173993,2.947587726580414,0.5529595015576324
-76.80028,-11.350278,3.3006250000000006,18.775395442708334,6.314260437597869,0.36666666666666664,0.28713206564209437,1.9532978215555248,0.16601678477685805,0.9106538160979422,0.5741145833333333,4.0195279232734125,0.40002178188966664,0.8473958333333333,1.1482291666666666,7.615166615774355,0.9404452470625336,0.715625,1.7000656274626218,13.281001892577512,1.742990818570734,0.6401869158878505
-76.75028,-11.500278,3.691666666666667,29.13943055555556,10.89511989677565,0.3541666666666667,0.31581140922115136,3.0777701690284385,0.3269939936839217,0.9340974212034384,0.6314583333333333,6.434783123343949,0.616947059159851,0.884375,1.2629166666666667,12.328868006289992,1.4064760645801462,0.7833333333333333,1.8792954708551572,21.709080968315522,3.5213685685970018,0.719626168224299
-76.71694,-10.966944,6.02688679245283,37.93295634567462,10.78631302405641,0.2641509433962264,0.6062518431141257,5.346684142734836,0.30938600246084874,0.865526393394279,1.0707291666666667,10.031859410855931,0.2323300885620504,0.8088541666666667,2.1414583333333335,19.15681052755912,-0.05099099983954281,0.6572916666666667,3.1879567194355776,28.70541335272837,5.988253000039319,0.5654205607476636
-76.61694,-11.550278,4.464375,31.061793359374995,14.12878545064591,0.3458333333333333,0.4701224277155509,4.02084778001766,0.35938709501664173,0.888773117999479,0.9400000000000001,8.563589081114628,0.23812615259357753,0.8166666666666667,1.88,15.780695591516025,0.4436607751784477,0.6604166666666667,2.796466323963152,26.469657129473216,4.951509865604423,0.5809968847352025
-76.51556,-11.655306,3.737135416666667,23.425825387912326,8.931358102540868,0.3229166666666667,0.3888317270122427,2.8033670471240244,0.2897113927108862,0.8879916644959625,0.7774609375,6.22410033215995,0.26026083540861217,0.8177083333333334,1.5549218750000002,11.467059525711766,0.6032996554876997,0.6604166666666667,2.315833000588339,18.913182236965746,3.2421876939819825,0.5809968847352025
-76.25839,-11.800806,4.630416666666666,22.80457482638889,6.248173172915215,0.15833333333333333,0.47421203438395415,3.3124360255851264,0.21328354327738921,0.8622036988799167,0.9481770833333333,6.92720338055586,-0.09630625268121769,0.7697916666666667,1.8963541666666666,12.358244882247142,-0.5512356336279765,0.571875,2.8232673843818046,19.714854335185855,0.9661965722465157,0.46261682242990654
-75.52528,-11.542222,3.973529411764706,21.740307711319826,3.4730666363139693,0.21638655462184875,0.37044917257683213,2.545578103276101,0.31371390690074236,0.8796952981350145,0.7345312499999999,5.557183058696273,0.45547305097110974,0.8036458333333333,1.4690625000000002,10.79830872340182,0.644758172910988,0.6572916666666667,2.164458493738246,19.070302172774408,0.07130147746309957,0.5669781931464174
-75.72292,-12.316667,6.365833333333333,30.82258263888889,11.44219171740896,0.10416666666666667,0.6178692367804116,4.8742766552550325,0.42494182070439057,0.8470955978119302,1.2354166666666666,10.04767703725559,0.39010617100822687,0.7494791666666667,2.470833333333333,18.082600634196034,0.30896163393302645,0.5458333333333333,3.6774134753131995,30.63662443464684,1.5646125485031745,0.43146417445482865
-75.16667,-12.0,5.6070625000000005,36.386293662760416,6.668939383081612,0.2625,0.5285230528783538,4.450858261359259,0.3824816777638073,0.8734045324303203,1.0567708333333334,9.726501074259504,0.3805998754397444,0.7958333333333333,2.113541666666667,18.296428006106968,0.5598378069649762,0.6489583333333333,3.1245508222823926,31.030855515784015,1.5560966343288902,0.5716510903426791
-74.96694,-12.783611,6.7602531645569615,38.90902778400898,21.607949533988844,0.23544303797468355,0.6296296296296295,5.401728951985797,0.3519840729915206,0.8559670781893004,1.0359375000000002,9.472436696110801,0.968766902852019,0.8114583333333333,2.071875,18.58711860555885,1.467888596615916,0.678125,3.091277258566978,31.231865909603155,4.988266442706227,0.5856697819314641
-74.71694,-12.983611,5.265648854961831,33.88113552046306,7.24991559082115,0.21374045801526717,0.49405027044225264,4.051791821175589,0.11539392684824504,0.8635062042634426,0.8087499999999999,6.890163316305252,0.25059787617891116,0.8166666666666667,1.6175000000000002,13.59636265227775,1.3236316782645277,0.6885416666666667,2.418691588785047,21.22753537040742,3.894039123839024,0.6043613707165109
-76.35028,-11.571556,5.953125,34.67069856770833,11.639831660196993,0.19583333333333333,0.6121385777546235,5.269661407786318,0.38516340795604137,0.8593383693670227,1.2239583333333333,10.938942157562003,0.09570208060292806,0.7723958333333333,2.4479166666666665,19.72282946365686,-0.5021585593438699,0.58125,3.660184519519738,31.425343811922676,2.4833836070339674,0.4735202492211838
-76.50028,-12.083611,0.959375,6.424995442708333,2.9884033916688395,0.6916666666666667,0.07309195102891379,0.48034553281687,0.030909885023110362,0.9716071893722323,0.14614583333333334,0.9752333582628282,0.0671280636274334,0.9473958333333333,0.29229166666666667,1.9864623779841437,0.2363228228626095,0.8979166666666667,0.4322429906542056,3.237386009904179,0.6357424728815348,0.8629283489096573
-76.35028,-12.183611,4.4201773835920175,58.37855074458826,38.20502984176299,0.37915742793791574,0.4021070141391739,5.159172784873101,0.7529380318394424,0.9096201829775437,0.7554166666666666,10.452706430052492,1.0007989192841653,0.8588541666666667,1.5108333333333335,20.690791239738164,1.9020082127500104,0.7322916666666667,2.248188840330623,35.55189574740206,4.317259213142162,0.661993769470405
-76.13361,-12.383611,5.631799163179917,38.971039022426076,16.072569829972533,0.18410041841004185,0.5780538843839915,5.20744055667435,0.44674663658081426,0.8540413287993722,1.1509895833333332,10.90042895593037,0.2938964494824266,0.7604166666666666,2.301979166666667,20.373016550173112,1.0475217796050362,0.5677083333333334,3.4415887850286384,32.00162361503548,6.779721380289249,0.45638629283489096
-76.01694,-12.116944,7.804666666666668,48.329244888888894,19.20118688542441,0.2511111111111111,0.7958043901083636,8.18781194908911,0.7064555879787496,0.8602389552653514,1.4917187500000002,15.780958193404645,0.6629941164065533,0.7802083333333333,2.9834375000000004,28.59988040062505,-0.06414482407595785,0.6177083333333333,4.4574628917065615,48.38000393679052,4.552260310018671,0.5109034267912772
-75.87242,-12.344667,4.907291666666667,21.37967599826389,9.555152115862764,0.26875,0.5098984110445428,3.2738411143661477,0.4107592642211771,0.8622036988799167,1.01953125,7.128952846968324,0.13410563327993688,0.7786458333333334,2.0390625,12.633404021423619,0.1789373940757569,0.5958333333333333,3.0426213453367357,19.778682123408228,2.083601623256645,0.48909657320872274
-75.83394,-12.898833,2.6695833333333336,19.43557482638889,5.482335055309106,0.4708333333333333,0.24808543891638446,1.9433693726028733,0.15993637383314707,0.916123990622558,0.49604166666666666,4.252585206274886,0.1489589762153315,0.8630208333333333,0.9920833333333333,8.188294630648976,0.9177029921680716,0.7458333333333333,1.4833610069999836,13.748465617804163,1.9970303377625047,0.6728971962616822
-75.82636,-12.114944,5.228097345132743,27.249188415302687,7.702721009181752,0.18584070796460178,0.5272475795297372,4.16831650697201,0.3722000565476815,0.861134163208852,0.9927083333333333,8.17021659481824,0.2110545365718769,0.7828125,1.9854166666666666,14.72285375509015,0.04607456118989726,0.596875,2.965757498895811,24.04159688157143,2.2809800481198415,0.4984423676012461
-75.64389,-13.203333,2.1460234166666665,16.15744491963666,5.375209569073241,0.5604166666666667,0.22556948163584267,1.479435273955474,0.2718770305209684,0.9200312581401406,0.45102147916666663,3.5582230668866504,0.6787841847857816,0.8723958333333334,0.9020429583333333,7.24239021837984,1.6584570295628511,0.765625,1.340405694182561,13.709321530405841,2.520289630304597,0.7102803738317757
-75.65028,-13.050278,4.9402654867256635,28.760679575534496,15.55797690073259,0.30973451327433627,0.4981742738589212,3.9059768258645353,0.6857672179183931,0.8824343015214384,0.93796875,8.200264017546242,1.1897427087454808,0.8223958333333333,1.8759375,15.184629088960381,2.388459183355607,0.678125,2.7836754015643668,29.26288537818343,4.165942657232949,0.6012461059190031
-75.305,-13.491389,4.172000000000001,26.848479750000003,13.556919824634665,0.3541666666666667,0.4083172701224277,2.9747888266350517,0.44372596886462523,0.8825214899713467,0.816421875,6.78888187344755,0.6787690901514027,0.8197916666666667,1.6328437500000001,12.94440625173714,1.8680903375316058,0.6760416666666667,2.4405067723913314,22.63438116441093,5.04876302435027,0.5887850467289719
-75.27111,-13.694722,4.2839374999999995,40.22863553776042,21.97429712968915,0.4395833333333333,0.4303099765563949,4.079756233205937,0.5411588142799418,0.8999739515498828,0.8603958333333334,9.020074971558149,0.9683641025364108,0.8395833333333333,1.7207916666666667,17.740306163475307,3.0749777568269,0.7072916666666667,2.5668779599988483,31.333304553438488,7.518809200474652,0.6464174454828661
-75.25417,-13.83,2.778708333333333,24.936019164930556,7.41991073416479,0.42916666666666664,0.2602709038812191,2.1921799489981333,0.22728301681599988,0.9228965876530346,0.5204062500000001,5.023307242581617,0.3478562684723109,0.8682291666666667,1.0408125000000001,10.624778098505665,1.3248233264151559,0.7572916666666667,1.5458070644734099,17.049534134735957,3.419154263063538,0.6947040498442367
-75.23722,-12.542222,4.468102564102564,22.094958451019068,7.326772247023247,0.25384615384615383,0.429499839692209,2.980152105605647,0.23075807933251,0.8832959281821097,0.6977135416666668,5.18262441310797,0.37037810673386984,0.8421875,1.3954270833333335,9.843288679315375,1.1792395038252692,0.709375,2.0598286604361373,15.817796338400719,3.2981646097663675,0.6230529595015576
-75.03361,-13.100278,7.901062499999999,77.19783866276042,11.04632440134883,0.24583333333333332,0.7616723104975255,9.05930877691177,0.692085366362241,0.8674133889033603,1.5229479166666666,18.825148861793288,0.7235483729234968,0.7854166666666667,3.0458958333333332,34.951222740626505,0.9541332561037343,0.60625,4.470753571708334,56.12658167609022,2.525222154983168,0.5031152647975078
-73.94889,-13.643611,5.985973451327434,55.828094406374824,8.41950550140142,0.33849557522123896,0.6696515486725664,7.094532719174499,0.43687696550858146,0.8503871681415929,1.2611770833333333,14.54715082359457,0.2500774377087491,0.7838541666666666,2.5223541666666667,28.95973496215947,-0.7455006707757518,0.6354166666666666,3.698004082132559,42.16162804383224,5.236574300839712,0.5342679127725857
-73.71694,-13.866944,6.501012658227848,55.247948341611924,11.33360457235069,0.21012658227848102,0.6988607594936709,6.770904105206489,0.7086266336885546,0.8306962025316456,1.150208333333333,12.573881542359299,1.8520762301879756,0.7791666666666667,2.300416666666666,24.74345716634475,3.853390481309823,0.61875,3.3484582850156714,42.95993872779216,7.742363048754581,0.5311526479750779
-74.33889,-13.931944,5.3805555555555555,46.78828969135801,14.42435519604608,0.38,0.5397943873298138,4.954245649975418,0.6228749540932477,0.8705195887746596,1.0118333333333331,10.261603706053503,0.7299843288287676,0.8151041666666666,2.0236666666666663,19.93078771639682,1.2455876367917271,0.6708333333333333,2.967788161993769,31.291448860719495,4.473741089072648,0.5778816199376947
-71.67333,-13.363333,4.549810126582279,36.22664711584682,3.676383646217048,0.21265822784810126,0.42777689873417724,3.7344292482939934,0.15332945815724391,0.839873417721519,0.7040494791666667,6.6984638830287455,0.21602826213944956,0.7932291666666667,1.4080989583333334,13.208709031495031,2.1861086836047914,0.6635416666666667,2.032565020392591,21.58154344532792,3.6882768122031826,0.5887850467289719
-75.16944,-14.033889,6.322743362831859,82.07672787219046,33.60031428388358,0.3008849557522124,0.4963070539419087,8.215345542040259,0.555963949713493,0.921161825726141,0.934453125,16.965183296129855,-0.02481306274615296,0.8729166666666667,1.86890625,33.04519525506693,1.2445217332833804,0.7614583333333333,2.773479472745377,51.548958528976854,4.619041232444108,0.6993769470404985
-74.93194,-14.237222,3.4871698113207548,29.272558499466005,8.550669685332604,0.36556603773584906,0.32663521085225594,3.121346195843243,0.23234210067426112,0.8938366263639045,0.5768854166666667,6.18974914222496,0.18224864654416026,0.8510416666666667,1.1537708333333334,11.911578436523417,0.3339284420732664,0.7239583333333334,1.7073520249221186,19.145622204469372,1.4855349026861462,0.6433021806853583
-72.91658,-15.544722,2.284145833333333,17.639746353732637,5.585368828939578,0.5708333333333333,0.24468749999999997,1.5425458101447187,0.1603028846269511,0.903125,0.48937499999999995,3.4152727877211864,0.25000796780795265,0.8447916666666667,0.9787499999999999,6.721940560074527,1.1292152705578944,0.734375,1.4555085259956417,11.736483530467027,1.7935948092310536,0.660436137071651
-72.34917,-15.493611,4.154,37.891753166666675,11.679595624217113,0.38958333333333334,0.47006770833333333,4.142258222040677,0.45325253431160895,0.8700520833333333,0.9401354166666667,8.932131524756688,0.7088388304907278,0.7932291666666667,1.8802708333333333,16.875080601174673,2.390359445463271,0.621875,2.784504089511723,28.240061433968275,5.581036101932824,0.5358255451713395
-72.33889,-15.260833,4.349512195121951,29.770968276458817,8.610780302994275,0.3614190687361419,0.48606430155210645,3.4134528382700813,0.4781159686933831,0.8611419068736141,0.9133958333333332,7.014414255354955,0.6425875996505506,0.7932291666666667,1.8267916666666664,13.020557744326368,1.9848055279983918,0.6208333333333333,2.6859923830940593,21.872229649795695,3.78772717101042,0.5420560747663551
-72.27028,-15.679167,1.6253125,17.991926985677086,6.240659968480824,0.71875,0.16358072916666666,1.1620383092872801,0.20300539358801672,0.9440104166666666,0.3271614583333334,2.64568769141839,0.38633969063280715,0.909375,0.6543229166666668,5.391988852043138,0.8963340904096441,0.8333333333333334,0.9744347242962748,9.45302259485136,1.9608816028215603,0.7819314641744548
-72.11694,-15.566944,3.4561517118997913,24.373053433870556,7.8294277506203604,0.3903966597077244,0.3725800287056367,2.579855391713468,0.3393578674322159,0.8765657620041754,0.743607640625,5.580935598816855,0.6098224597468731,0.7942708333333334,1.48721528125,10.341194891830382,1.5205679158371128,0.6177083333333333,2.1961208742753535,19.21348761903055,3.51980033777836,0.5389408099688473
-72.10028,-15.733611,3.6924282500000003,31.57409367467194,8.875514308241206,0.30625,0.39938165625,3.020531600517711,0.3350838063042578,0.8684895833333334,0.7987633125,6.567508455560355,0.6160270131879406,0.7755208333333333,1.597526625,12.148145572130806,1.7307436606726798,0.5864583333333333,2.3690212179870462,21.661999726221712,3.7737426638412144,0.5015576323987538
-71.81167,-15.616583,5.5622083333333325,44.87617720659723,14.4731584066596,0.3375,0.6435,5.654063944210241,0.5628690706898006,0.8416666666666667,1.287,12.262122592147481,0.7808545701439238,0.7442708333333333,2.574,22.949169644763614,1.6440769830860547,0.553125,3.8264178894063607,37.92504012582379,5.738364308624978,0.46105919003115264
-71.45028,-15.350278,7.003650442477876,64.64298114329627,14.896244289370578,0.2079646017699115,0.7616869469026549,8.852223591079605,0.7836684226037873,0.8456858407079646,1.4345104166666667,17.29464122521522,0.7937559141717353,0.7567708333333333,2.8690208333333334,31.495807496731615,0.5797331192516764,0.5479166666666667,4.236102199575425,50.794524671641824,6.67448927419859,0.43457943925233644
-71.31694,-15.350278,7.769583333333333,78.45149149305556,11.270991109588845,0.22916666666666666,0.8497656250000001,11.123483629289591,0.7517369701712497,0.8494791666666667,1.6995312500000002,22.879910027483724,0.6063383173753051,0.7484375,3.3990625,41.391926041302334,-0.19452929215403153,0.5260416666666666,5.019372040489414,65.51822622069423,5.107259340068099,0.40498442367601245
-70.91694,-15.766944,4.882101769911505,36.40289668875793,6.873240988086057,0.25,0.5098700221238939,4.366778810504181,0.6553352347256977,0.8719579646017699,0.9602552083333333,8.633667787720107,0.8965594858216488,0.79375,1.9205104166666667,16.399336067718405,1.6223384121522417,0.6166666666666667,2.852632398753894,27.780153192378723,3.5971151572053346,0.5249221183800623
-70.33361,-15.033611,4.625063291139241,36.37220727447524,4.985979193429398,0.3012658227848101,0.43639240506329113,4.382730038040651,0.059818111180335996,0.9028481012658228,0.7182291666666667,7.198008951198599,0.3204486988694416,0.8604166666666667,1.4364583333333334,14.152349464113334,0.768934046827339,0.7416666666666667,2.14797507788162,22.91079457170096,2.1558762829007088,0.6526479750778816
-69.96694,-15.300278,3.5463291139240507,28.026283992949846,4.490951501492093,0.5012658227848101,0.28325419436530547,2.4185142731577685,0.036401744923249026,0.9398543842988287,0.4660416666666667,4.0793263117067236,0.21569031462321464,0.9109375,0.9320833333333334,8.480369631783462,0.21603249497015065,0.8416666666666667,1.3866043613707166,13.338326616001604,1.7248596343548548,0.778816199376947
-69.86803,-14.914889,4.055958333333334,30.70816158159722,4.631414732772985,0.2916666666666667,0.37443605105496225,3.5306404634607924,0.25761378735660595,0.8991924980463663,0.7486770833333334,7.7073166801301545,-0.05308023530465663,0.8317708333333333,1.4973541666666668,14.730640998949491,0.01209933142655412,0.6833333333333333,2.217221225117194,22.458585910920014,1.0041814550410268,0.5654205607476636
-70.18361,-14.916944,3.545025252525252,25.030372474109782,3.4679217126949724,0.2828282828282828,0.36323232323232324,3.1142959137608797,0.12980097073504276,0.8952020202020202,0.5993333333333334,5.46442827696149,0.136342424813753,0.8557291666666667,1.1986666666666668,10.532766886147162,0.3948267772650205,0.7291666666666666,1.789179646797571,16.491586222334327,2.1970398107735254,0.6464174454828661
-69.49139,-15.559167,6.846969696969698,107.15279384756657,16.694906957956995,0.4722222222222222,0.5267129775813072,9.700019284269914,0.3858615427610318,0.9428481212503947,0.8688020833333334,17.088138677163144,0.17292898549684094,0.9192708333333334,1.7376041666666668,34.65842673961842,0.6573385977878389,0.8572916666666667,2.5952546547933584,52.269252034408005,4.7773332174925685,0.8052959501557633
-71.58917,-16.063333,4.337028824833703,30.12778629406936,22.696030212459256,0.3170731707317073,0.3704822616407982,2.688979216772061,0.1415039759858735,0.9013303769401331,0.6961979166666665,5.135346725031156,0.2610147671792429,0.8421875,1.3923958333333333,9.558125761489812,0.882534491257339,0.703125,2.0749277849030205,16.799488614663066,2.3562190780267467,0.6246105919003115
-71.21668,-15.981225,4.296604166666667,32.04695034331597,7.589205721837138,0.36666666666666664,0.45079947916666663,4.023605985493244,0.4798302134494169,0.8932291666666666,0.9015989583333333,8.534328155416889,0.47356618009077966,0.8182291666666667,1.8031979166666667,15.72302090475884,0.6835628478479838,0.6541666666666667,2.666946498342566,25.361334759827216,2.4541240251396377,0.5654205607476636
-71.14833,-16.318056,3.694136460554371,26.554486940866784,5.8721772833418235,0.3752665245202559,0.4157569296375267,3.0238202258891675,0.22182344880036112,0.8635394456289979,0.8124583333333334,6.556502723453804,0.1228088948580684,0.7776041666666667,1.6249166666666668,12.837897013132558,0.3371220028566948,0.6239583333333333,2.413523359158067,20.118921330996237,3.4730645930484716,0.5264797507788161
-70.6828,-16.7349,6.238561946902655,61.84773487890593,32.73823928813687,0.2920353982300885,0.5617865044247787,7.400518338967078,0.3256801015840621,0.8954646017699115,1.05803125,14.526064248832139,0.6015302511439752,0.8447916666666667,2.1160625,27.50514999408118,0.9796732008251086,0.703125,3.155650819214818,44.68954551800147,10.22093181071895,0.618380062305296
-70.42356,-16.875,3.3503037974683543,18.531845983656467,9.285988534110013,0.30886075949367087,0.35570569620253173,2.3847785148770697,0.19095196749670373,0.8920886075949367,0.5854322916666667,4.3253101132583085,0.15727203072147405,0.8598958333333333,1.1708645833333333,8.1186658832606,0.4032098554501249,0.7270833333333333,1.7393585706318953,14.276826082065972,2.648724406426402,0.6526479750778816
-70.53725,-16.14075,5.012979166666668,37.939355082899304,10.066491337159844,0.34375,0.473015625,4.709773576961532,0.3582559572532544,0.90703125,0.94603125,9.485048207231738,0.4063891584065901,0.8375,1.8920625,17.554252977214755,1.3420332494771114,0.6895833333333333,2.8010277268123804,27.491107338348268,3.0559020086482604,0.6012461059190031
-70.33889,-17.288056,1.9293437500000001,13.798506079752606,5.92625944880079,0.5875,0.18067578125000003,1.3203416835515527,0.2277515621026941,0.9484375,0.36135156250000006,2.9836434171923742,0.3678360536375368,0.9125,0.7227031250000001,5.877558973708977,0.8296324994085308,0.8322916666666667,1.0730615469418396,10.657234515571275,1.3761373680295164,0.7834890965732088
-70.13278,-17.350833,3.882630208333333,43.43311413669163,20.599818495664223,0.5375,0.39448763020833333,4.527280224974808,0.6315336941140922,0.9229166666666667,0.7889752604166667,10.07002319267603,0.8665768065545185,0.8723958333333334,1.5779505208333333,19.152999828961956,2.3602662810167625,0.759375,2.3162920995575482,33.80197635713973,5.921230879326512,0.6962616822429907
-70.05028,-17.116944,4.296815144766147,34.68952148253233,11.703049386760549,0.36080178173719374,0.46876113585746104,4.262219450004646,0.4269935391016771,0.8883630289532294,0.8769739583333334,8.612817059623884,0.496711125756701,0.8354166666666667,1.7539479166666667,16.214590006721064,0.8935311108311631,0.684375,2.5897714866716286,27.524969047975528,5.476672300039425,0.6012461059190031
-69.99972,-17.559167,3.354104166666666,26.65424711414931,12.080595711616189,0.44583333333333336,0.3834713541666666,2.604833455106028,0.4027195154853437,0.8747395833333333,0.7669427083333334,6.0978240260051315,0.5233697526752865,0.7927083333333333,1.533885416666667,11.936486384906072,1.718847846826218,0.6427083333333333,2.2294878349126988,18.67707333242296,4.405350330022583,0.5467289719626168
-69.81306,-17.237222,3.991949367088608,36.18565721262618,15.454495582464705,0.47341772151898737,0.36756645569620255,3.67900679598685,0.4851175830326553,0.9234177215189874,0.6049531250000001,6.489038870969783,0.8160291140950617,0.8973958333333333,1.2099062499999997,12.379260751910154,2.57764395243149,0.8052083333333333,1.7791433021806855,21.273190059127202,6.251833264399215,0.7507788161993769
-69.77944,-17.525,3.5715000000000003,27.732492333333333,8.831443648747403,0.41458333333333336,0.4235442708333333,2.944728199614213,0.2831389225676148,0.8643229166666667,0.8470885416666666,6.531267071137687,0.48225036775944147,0.7786458333333334,1.6941770833333334,13.070041255674282,1.38143887464363,0.6197916666666666,2.4921225121930886,21.301322517387995,5.352421501768798,0.5124610591900312
-69.62628,-17.579861,3.7763513513513516,38.2872560567324,14.104772698885474,0.4954954954954955,0.39355292792792795,4.001506165772472,0.4835247185014381,0.9163851351351351,0.7280729166666667,8.218020697403757,0.5561886051821385,0.8770833333333333,1.4561458333333335,15.469515743686914,1.8918882797487397,0.7604166666666666,2.1525092815461027,26.300022472839167,6.1399465428762054,0.6915887850467289
-69.46759,-17.393589,4.105708333333334,27.92405574826389,13.16616648729629,0.41875,0.41604427083333334,3.547366986971338,0.30164131829085616,0.9111979166666667,0.8320885416666667,7.179267054836299,0.3227176270826255,0.8473958333333333,1.6641770833333331,13.079314815199869,0.6204322395039111,0.70625,2.462506716028569,22.38812034279009,4.2463798844046226,0.6261682242990654
-69.70167,-16.740833,4.7637626262626265,39.259193165875935,12.498889627245159,0.2777777777777778,0.443727904040404,4.526515269288372,0.39160693318069534,0.9008838383838383,0.7321510416666667,8.01690149113067,0.5126175762533899,0.8578125,1.4643020833333333,15.591829838680507,1.0543326114363676,0.7291666666666666,2.1724536936412164,26.663599351502917,2.7327464949094065,0.6588785046728972
